Date,Open,High,Low,Close,Adj Close,Volume,Ticker
4/1/2016,1232.300049,1235.199951,1209.199951,1222.199951,1222.199951,1602,gold
4/4/2016,1221.699951,1222.300049,1215,1218,1218,2038,gold
4/5/2016,1215.400024,1236.699951,1215.400024,1228.400024,1228.400024,477,gold
4/6/2016,1230.400024,1230.400024,1217.599976,1222.5,1222.5,248,gold
4/7/2016,1224.800049,1242.900024,1224.599976,1236.199951,1236.199951,375,gold
4/8/2016,1241,1242.800049,1232,1242.5,1242.5,409,gold
4/11/2016,1241.5,1258.699951,1241.5,1256.699951,1256.699951,437,gold
4/12/2016,1260,1261.699951,1253.699951,1259.400024,1259.400024,185,gold
4/13/2016,1256.5,1256.900024,1241.300049,1246.800049,1246.800049,203,gold
4/14/2016,1231.400024,1243.699951,1224.5,1225,1225,264,gold
4/15/2016,1225.699951,1235,1225.699951,1233.099976,1233.099976,97,gold
4/18/2016,1238.699951,1241.099976,1232.199951,1233.599976,1233.599976,304,gold
4/19/2016,1231.599976,1256.199951,1228.800049,1253,1253,386,gold
4/20/2016,1256.099976,1256.099976,1243,1253.199951,1253.199951,180,gold
4/21/2016,1247.699951,1270.599976,1247.599976,1249,1249,124,gold
4/22/2016,1248.5,1248.5,1228,1228.699951,1228.699951,188,gold
4/25/2016,1231.599976,1240.900024,1231.599976,1238.900024,1238.900024,442,gold
4/26/2016,1239.800049,1244.199951,1233,1242.199951,1242.199951,97,gold
4/27/2016,1248.599976,1249.5,1248.599976,1249.199951,1249.199951,547,gold
4/28/2016,1245.900024,1270.099976,1238.5,1265.5,1265.5,887,gold
4/29/2016,1267.300049,1295.5,1267.199951,1289.199951,1289.199951,464,gold
5/2/2016,1292.099976,1304.400024,1290.400024,1294.699951,1294.699951,192,gold
5/3/2016,1292.699951,1301.5,1284.5,1290.699951,1290.699951,151,gold
5/4/2016,1286.900024,1290,1273,1273.300049,1273.300049,109,gold
5/5/2016,1282.900024,1286,1270.800049,1271.400024,1271.400024,330,gold
5/6/2016,1278.599976,1295.599976,1276.900024,1292.900024,1292.900024,305,gold
5/9/2016,1286.5,1286.5,1262.300049,1265.599976,1265.599976,341,gold
5/10/2016,1265.099976,1267.400024,1258.699951,1263.900024,1263.900024,23,gold
5/11/2016,1266.900024,1279.199951,1266.900024,1274.599976,1274.599976,50,gold
5/12/2016,1267,1281.199951,1264,1270.300049,1270.300049,101,gold
5/13/2016,1271.400024,1275.699951,1264.599976,1271.900024,1271.900024,66,gold
5/16/2016,1272.800049,1287.800049,1272.800049,1273.400024,1273.400024,44,gold
5/17/2016,1272.5,1281.599976,1270.800049,1276.199951,1276.199951,16,gold
5/18/2016,1276.400024,1276.400024,1256.800049,1273.699951,1273.699951,17,gold
5/19/2016,1248,1255.5,1247.5,1254.199951,1254.199951,69,gold
5/20/2016,1256.599976,1256.599976,1252.400024,1252.400024,1252.400024,44,gold
5/23/2016,1251.599976,1251.599976,1247.5,1251.099976,1251.099976,56,gold
5/24/2016,1240,1240,1228.199951,1228.900024,1228.900024,20,gold
5/25/2016,1219.300049,1223.5,1218.599976,1223.5,1223.5,5,gold
5/26/2016,1232.599976,1232.599976,1220.099976,1220.099976,1220.099976,199778,gold
5/27/2016,1220.300049,1223.199951,1206.400024,1213.800049,1213.800049,63739,gold
5/31/2016,1212.5,1217.599976,1199,1214.800049,1214.800049,6432,gold
6/1/2016,1215.699951,1219.800049,1205.400024,1211.900024,1211.900024,2717,gold
6/2/2016,1212.400024,1217,1209.599976,1209.800049,1209.800049,1627,gold
6/3/2016,1209.099976,1244.5,1206.400024,1240.099976,1240.099976,1622,gold
6/6/2016,1244.400024,1247.300049,1240,1244.599976,1244.599976,1135,gold
6/7/2016,1244,1244.900024,1236.5,1244.400024,1244.400024,281,gold
6/8/2016,1247.599976,1264,1247.300049,1259.800049,1259.800049,406,gold
6/9/2016,1262.5,1271.400024,1258.099976,1270.199951,1270.199951,381,gold
6/10/2016,1267.599976,1278,1265.300049,1273.400024,1273.400024,397,gold
6/13/2016,1276.199951,1287.300049,1273,1284.400024,1284.400024,328,gold
6/14/2016,1281.800049,1289.699951,1277.800049,1285.599976,1285.599976,554,gold
6/15/2016,1284.599976,1296.199951,1278.800049,1285.800049,1285.800049,162,gold
6/16/2016,1296.300049,1316.400024,1281.099976,1296.099976,1296.099976,251,gold
6/17/2016,1280.300049,1300.099976,1280.300049,1292.5,1292.5,129,gold
6/20/2016,1288.900024,1291.199951,1280.300049,1290,1290,153,gold
6/21/2016,1293.900024,1293.900024,1266.300049,1270.5,1270.5,134,gold
6/22/2016,1267,1269.199951,1264.900024,1268,1268,53,gold
6/23/2016,1263.400024,1270.5,1255.199951,1261.199951,1261.199951,218,gold
6/24/2016,1253.699951,1355.599976,1253.699951,1320,1320,694,gold
6/27/2016,1330,1331.699951,1320,1322.5,1322.5,92,gold
6/28/2016,1314.800049,1315.599976,1314.099976,1315.300049,1315.300049,1072,gold
6/29/2016,1311.599976,1327.400024,1311.599976,1323.900024,1323.900024,414,gold
6/30/2016,1315.800049,1323.5,1314.5,1318.400024,1318.400024,560,gold
7/1/2016,1324.5,1344.199951,1321.900024,1336.699951,1336.699951,137,gold
7/5/2016,1342.199951,1356.800049,1339.699951,1356.400024,1356.400024,90,gold
7/6/2016,1359,1374.900024,1359,1364.900024,1364.900024,130,gold
7/7/2016,1366.800049,1368.599976,1350.5,1360.099976,1360.099976,207,gold
7/8/2016,1361.300049,1365.800049,1335,1356.599976,1356.599976,249,gold
7/11/2016,1371.699951,1371.800049,1353,1355,1355,26,gold
7/12/2016,1353.599976,1356,1330.300049,1334.099976,1334.099976,252,gold
7/13/2016,1341.5,1342.400024,1336.699951,1342.400024,1342.400024,7,gold
7/14/2016,1341.400024,1341.400024,1322.699951,1331.300049,1331.300049,20,gold
7/15/2016,1333.699951,1333.699951,1322.900024,1326.5,1326.5,52,gold
7/18/2016,1327.5,1335,1326.199951,1328.400024,1328.400024,54,gold
7/19/2016,1328.5,1333.199951,1326.400024,1331.5,1331.5,322,gold
7/20/2016,1331,1337.5,1315.5,1318.800049,1318.800049,751,gold
7/21/2016,1312.800049,1330.5,1312.800049,1330.5,1330.5,318,gold
7/22/2016,1330.699951,1330.699951,1320.400024,1323.099976,1323.099976,55,gold
7/25/2016,1315.699951,1319.300049,1313.800049,1319.300049,1319.300049,548,gold
7/26/2016,1315.199951,1320.699951,1315.199951,1320.699951,1320.699951,63,gold
7/27/2016,1326,1326.599976,1326,1326.599976,1326.599976,215388,gold
7/28/2016,1339.5,1344.300049,1330.099976,1332.300049,1332.300049,56908,gold
7/29/2016,1333.199951,1353.300049,1325.800049,1349,1349,6076,gold
8/1/2016,1348.800049,1353.5,1345.599976,1351.400024,1351.400024,1257,gold
8/2/2016,1352.099976,1366,1346.599976,1364.400024,1364.400024,2941,gold
8/3/2016,1362.400024,1364.699951,1353.300049,1356.099976,1356.099976,715,gold
8/4/2016,1354.400024,1361.599976,1347,1358.800049,1358.800049,381,gold
8/5/2016,1357.599976,1360.800049,1333.699951,1336.400024,1336.400024,1107,gold
8/8/2016,1330,1335.400024,1327.800049,1333.400024,1333.400024,587,gold
8/9/2016,1331.800049,1339.400024,1328.5,1339,1339,620,gold
8/10/2016,1344.800049,1354.199951,1344.300049,1344.300049,1344.300049,110,gold
8/11/2016,1341.599976,1350.400024,1334.800049,1342.5,1342.5,666,gold
8/12/2016,1336.800049,1351.800049,1333.199951,1335.800049,1335.800049,113,gold
8/15/2016,1336.5,1340.599976,1333.599976,1340.300049,1340.300049,62,gold
8/16/2016,1342.199951,1355,1341,1350.5,1350.5,338,gold
8/17/2016,1345.5,1347.300049,1338.599976,1342.699951,1342.699951,135,gold
8/18/2016,1351.300049,1354.400024,1348.199951,1351.199951,1351.199951,140,gold
8/19/2016,1350.099976,1350.099976,1338.599976,1340.400024,1340.400024,197,gold
8/22/2016,1334.400024,1337.699951,1333.300049,1337.699951,1337.699951,117,gold
8/23/2016,1337,1341.199951,1334.300049,1340.599976,1340.599976,551,gold
8/24/2016,1337.199951,1337.199951,1322.900024,1324.400024,1324.400024,262,gold
8/25/2016,1321.400024,1324,1317,1320.099976,1320.099976,58,gold
8/26/2016,1323.800049,1340.5,1320.099976,1321.5,1321.5,141,gold
8/29/2016,1315,1323,1315,1322.900024,1322.900024,437,gold
8/30/2016,1322,1322.099976,1308,1311.699951,1311.699951,705,gold
8/31/2016,1310.300049,1313.699951,1306.300049,1306.900024,1306.900024,214,gold
9/1/2016,1305.300049,1313.099976,1301.5,1312.199951,1312.199951,225,gold
9/2/2016,1309.599976,1326.699951,1309.199951,1322.099976,1322.099976,55,gold
9/6/2016,1323.300049,1349.400024,1323.199951,1349.400024,1349.400024,46,gold
9/7/2016,1348.400024,1350.5,1343.900024,1344.300049,1344.300049,14,gold
9/8/2016,1344.800049,1345.400024,1335.699951,1336.800049,1336.800049,30,gold
9/9/2016,1338.5,1338.5,1328,1330.099976,1330.099976,35,gold
9/12/2016,1327,1329.300049,1319.900024,1321,1321,177,gold
9/13/2016,1324.599976,1324.599976,1315,1319,1319,79,gold
9/14/2016,1319.199951,1322.300049,1319.199951,1321.5,1321.5,73,gold
9/15/2016,1320.699951,1320.699951,1310.800049,1313.5,1313.5,37,gold
9/16/2016,1312.199951,1312.599976,1305.800049,1305.800049,1305.800049,4,gold
9/19/2016,1313.5,1313.5,1313.5,1313.5,1313.5,20,gold
9/20/2016,1313.699951,1313.699951,1313.699951,1313.699951,1313.699951,97,gold
9/21/2016,1326.300049,1326.900024,1324,1326.900024,1326.900024,76,gold
9/22/2016,1338.599976,1340.400024,1338.199951,1340.400024,1340.400024,23,gold
9/23/2016,1337.199951,1337.199951,1337.199951,1337.199951,1337.199951,40,gold
9/26/2016,1335.199951,1341.800049,1335.199951,1339.699951,1339.699951,24,gold
9/27/2016,1328,1328.699951,1325.900024,1325.900024,1325.900024,48,gold
9/28/2016,1319.400024,1319.400024,1319.400024,1319.400024,1319.400024,10551,gold
9/29/2016,1321.199951,1325,1314.699951,1321.699951,1321.699951,6108,gold
9/30/2016,1320.599976,1327.699951,1312.900024,1313.300049,1313.300049,868,gold
10/3/2016,1313.5,1316.800049,1308.199951,1309,1309,299,gold
10/4/2016,1307.599976,1310.199951,1266.300049,1266.300049,1266.300049,1893,gold
10/5/2016,1272.099976,1274,1261.300049,1265.199951,1265.199951,246,gold
10/6/2016,1265.300049,1265.300049,1249.800049,1249.800049,1249.800049,114,gold
10/7/2016,1253.900024,1263.599976,1248.900024,1248.900024,1248.900024,169,gold
10/11/2016,1258.900024,1258.900024,1253,1253,1253,26,gold
10/12/2016,1251.699951,1254,1251.099976,1251.099976,1251.099976,127,gold
10/13/2016,1258.699951,1259,1255,1255,1255,315,gold
10/14/2016,1253.900024,1253.900024,1250.599976,1253.099976,1253.099976,311,gold
10/17/2016,1249.900024,1255,1249.900024,1254.400024,1254.400024,41,gold
10/18/2016,1260.900024,1261.699951,1260.800049,1260.800049,1260.800049,11,gold
10/19/2016,1262.900024,1271.5,1262.900024,1267.900024,1267.900024,219,gold
10/20/2016,1270,1270.5,1265.5,1265.599976,1265.599976,415,gold
10/21/2016,1265.900024,1265.900024,1265.900024,1265.900024,1265.900024,224,gold
10/24/2016,1269.199951,1269.199951,1261.800049,1262,1262,42,gold
10/25/2016,1264.099976,1274.099976,1264.099976,1271.900024,1271.900024,61,gold
10/26/2016,1274,1274,1264.800049,1264.800049,1264.800049,279,gold
10/27/2016,1269.400024,1269.400024,1267.900024,1267.900024,1267.900024,338,gold
10/28/2016,1270.300049,1281.5,1262,1275.5,1275.5,560,gold
10/31/2016,1276.599976,1276.599976,1271.5,1271.5,1271.5,58,gold
11/1/2016,1279.300049,1290.699951,1279,1286.400024,1286.400024,49,gold
11/2/2016,1288.300049,1307,1288.300049,1306.800049,1306.800049,30,gold
11/3/2016,1296.400024,1303.099976,1287.300049,1302.099976,1302.099976,73,gold
11/4/2016,1300,1303.300049,1296.699951,1303.300049,1303.300049,11,gold
11/7/2016,1292,1294.5,1278.300049,1278.300049,1278.300049,34,gold
11/8/2016,1284.099976,1289.400024,1273.199951,1273.400024,1273.400024,50,gold
11/9/2016,1272.199951,1318.599976,1270,1272.599976,1272.599976,108,gold
11/10/2016,1274.400024,1287.5,1253.300049,1265.5,1265.5,63,gold
11/14/2016,1227.800049,1229.5,1210.400024,1221.199951,1221.199951,216,gold
11/15/2016,1224.300049,1226,1222.5,1224,1224,20,gold
11/16/2016,1229.300049,1229.300049,1223,1223.400024,1223.400024,66,gold
11/17/2016,1224.599976,1225,1211,1216.5,1216.5,1139,gold
11/18/2016,1211.900024,1211.900024,1207.199951,1208.5,1208.5,607,gold
11/21/2016,1209.599976,1209.599976,1209.599976,1209.599976,1209.599976,19,gold
11/22/2016,1210.400024,1211.099976,1207.599976,1211,1211,19,gold
11/23/2016,1212.800049,1213.800049,1186.800049,1189.099976,1189.099976,309,gold
11/25/2016,1177,1189.300049,1177,1178.199951,1178.199951,14,gold
11/28/2016,1188,1190.599976,1188,1190.599976,1190.599976,189914,gold
11/29/2016,1193.199951,1194.800049,1179.400024,1187.900024,1187.900024,42124,gold
11/30/2016,1187.099976,1193.300049,1167.900024,1170.800049,1170.800049,7158,gold
12/1/2016,1172.699951,1174.599976,1160,1166.900024,1166.900024,1588,gold
12/2/2016,1172.300049,1177.300049,1166.400024,1175.099976,1175.099976,1521,gold
12/5/2016,1181.800049,1186.699951,1157,1174,1174,358,gold
12/6/2016,1170.900024,1174.5,1167.099976,1167.599976,1167.599976,652,gold
12/7/2016,1167.699951,1178.5,1166.400024,1175,1175,182,gold
12/8/2016,1173.800049,1177.800049,1169.099976,1169.800049,1169.800049,322,gold
12/9/2016,1166.599976,1168.800049,1156,1159.400024,1159.400024,365,gold
12/12/2016,1158.300049,1163.900024,1153,1163.5,1163.5,331,gold
12/13/2016,1163.5,1164,1155.400024,1156.699951,1156.699951,637,gold
12/14/2016,1159.800049,1164,1142,1161.300049,1161.300049,487,gold
12/15/2016,1139.800049,1143.300049,1123.900024,1127.800049,1127.800049,244,gold
12/16/2016,1126.900024,1140.900024,1126.900024,1135.300049,1135.300049,146,gold
12/19/2016,1139.400024,1140.699951,1137.900024,1140.5,1140.5,249,gold
12/20/2016,1133.5,1133.5,1126.5,1131.5,1131.5,46,gold
12/21/2016,1136.099976,1136.099976,1130,1131.099976,1131.099976,50,gold
12/22/2016,1131.199951,1132.800049,1128.300049,1128.800049,1128.800049,104,gold
12/23/2016,1130.900024,1132.800049,1130.300049,1131.900024,1131.900024,70,gold
12/27/2016,1134.300049,1142.199951,1134.300049,1137.300049,1137.300049,84,gold
12/28/2016,1141.199951,1141.199951,1138,1139.400024,1139.400024,1570,gold
12/29/2016,1143.800049,1158.800049,1143.599976,1156.400024,1156.400024,950,gold
12/30/2016,1162,1162,1150,1150,1150,16,gold
1/3/2017,1155.199951,1160.800049,1146.5,1160.400024,1160.400024,52,gold
1/4/2017,1156.300049,1165,1156.300049,1163.800049,1163.800049,36,gold
1/5/2017,1172,1183.300049,1171.5,1179.699951,1179.699951,500,gold
1/6/2017,1176.5,1176.5,1171.900024,1171.900024,1171.900024,16,gold
1/9/2017,1173.900024,1183.599976,1173,1183.5,1183.5,62,gold
1/10/2017,1184.300049,1188.900024,1182.300049,1184.199951,1184.199951,8,gold
1/11/2017,1187.5,1197,1176.5,1195.599976,1195.599976,20,gold
1/12/2017,1192.699951,1204.300049,1192.300049,1198.900024,1198.900024,110,gold
1/13/2017,1195.699951,1196,1187.699951,1195.300049,1195.300049,65,gold
1/17/2017,1205.5,1214.599976,1200.800049,1212,1212,79,gold
1/18/2017,1213.599976,1214.699951,1203.099976,1211.300049,1211.300049,114,gold
1/19/2017,1200.5,1204,1195.800049,1200.900024,1200.900024,26,gold
1/20/2017,1202.800049,1212.099976,1202.800049,1204.300049,1204.300049,38,gold
1/23/2017,1212,1215,1210,1215,1215,16,gold
1/24/2017,1219,1219,1207.699951,1210.300049,1210.300049,24,gold
1/25/2017,1202,1202.800049,1194.900024,1197.300049,1197.300049,403,gold
1/26/2017,1199.699951,1199.699951,1185.599976,1189.5,1189.5,19,gold
1/27/2017,1187.900024,1188.300049,1187.900024,1188.099976,1188.099976,234352,gold
1/30/2017,1191.699951,1198.5,1187.099976,1193.199951,1193.199951,50503,gold
1/31/2017,1194.900024,1214.699951,1193.5,1208.599976,1208.599976,3212,gold
2/1/2017,1211.900024,1211.900024,1197.900024,1205.599976,1205.599976,1145,gold
2/2/2017,1209.699951,1224.199951,1208.900024,1216.699951,1216.699951,1512,gold
2/3/2017,1214.900024,1220.599976,1206.199951,1218.5,1218.5,865,gold
2/6/2017,1221.900024,1235.400024,1218.5,1230,1230,908,gold
2/7/2017,1234.199951,1236.199951,1228.5,1234.199951,1234.199951,1177,gold
2/8/2017,1232.099976,1243.900024,1231,1237.599976,1237.599976,288,gold
2/9/2017,1239.400024,1243.5,1226.900024,1235.099976,1235.099976,885,gold
2/10/2017,1227.599976,1234.400024,1221.5,1234.400024,1234.400024,391,gold
2/13/2017,1230.5,1231.099976,1219,1224.400024,1224.400024,398,gold
2/14/2017,1225.900024,1233.5,1222.099976,1223.900024,1223.900024,159,gold
2/15/2017,1225.5,1231.699951,1217.300049,1231.699951,1231.699951,175,gold
2/16/2017,1234.5,1240.699951,1233.199951,1240,1240,87,gold
2/17/2017,1240.699951,1241.199951,1234.800049,1237.599976,1237.599976,301,gold
2/21/2017,1237.300049,1237.5,1228.099976,1237.5,1237.5,119,gold
2/22/2017,1236.099976,1238.599976,1231.800049,1232,1232,36,gold
2/23/2017,1236.099976,1250.300049,1236.099976,1250.199951,1250.199951,112,gold
2/24/2017,1250,1258.800049,1250,1256.900024,1256.900024,1264,gold
2/27/2017,1254.699951,1263.099976,1250.400024,1257.400024,1257.400024,544,gold
2/28/2017,1253.599976,1257.300049,1247.199951,1252.599976,1252.599976,721,gold
3/1/2017,1247.800049,1248.900024,1236.900024,1248.900024,1248.900024,138,gold
3/2/2017,1247.199951,1247.599976,1230.699951,1231.900024,1231.900024,79,gold
3/3/2017,1231.699951,1235.199951,1222.900024,1225.5,1225.5,121,gold
3/6/2017,1235.199951,1235.199951,1224.5,1224.5,1224.5,29,gold
3/7/2017,1224.300049,1225.400024,1213.699951,1215.099976,1215.099976,53,gold
3/8/2017,1212.199951,1212.199951,1206.699951,1208.5,1208.5,24,gold
3/9/2017,1204.5,1205.599976,1202.300049,1202.400024,1202.400024,37,gold
3/10/2017,1196.199951,1203.300049,1196.199951,1200.699951,1200.699951,3,gold
3/13/2017,1206.199951,1210,1202.300049,1202.400024,1202.400024,35,gold
3/14/2017,1203.099976,1205.900024,1196.800049,1201.900024,1201.900024,22,gold
3/15/2017,1198.199951,1221.199951,1197.699951,1200.099976,1200.099976,36,gold
3/16/2017,1222.199951,1231.400024,1222.199951,1226.5,1226.5,47,gold
3/17/2017,1227.099976,1230.900024,1227.099976,1229.800049,1229.800049,26,gold
3/20/2017,1229.300049,1234.400024,1229.300049,1233.599976,1233.599976,23,gold
3/21/2017,1226.400024,1246.099976,1226.400024,1246.099976,1246.099976,11,gold
3/22/2017,1247.900024,1249.5,1247.699951,1249.300049,1249.300049,3,gold
3/23/2017,1246.400024,1247.5,1244.800049,1246.900024,1246.900024,16,gold
3/24/2017,1248,1248.300049,1247.599976,1248.199951,1248.199951,3,gold
3/27/2017,1255.800049,1257.699951,1253.800049,1255.400024,1255.400024,72,gold
3/28/2017,1255.900024,1255.900024,1255.300049,1255.300049,1255.300049,19,gold
3/29/2017,1252.199951,1253.400024,1252.099976,1253.400024,1253.400024,190678,gold
3/30/2017,1253.099976,1253.599976,1241.099976,1245,1245,51328,gold
3/31/2017,1242.099976,1248.800049,1238.699951,1247.300049,1247.300049,8223,gold
4/3/2017,1247.5,1252.400024,1243.599976,1250.800049,1250.800049,1160,gold
4/4/2017,1253.099976,1260.300049,1253,1255,1255,724,gold
4/5/2017,1255.400024,1255.400024,1243,1245.400024,1245.400024,907,gold
4/6/2017,1256.099976,1257.5,1249,1250.300049,1250.300049,169,gold
4/7/2017,1249.5,1269.099976,1249.5,1254.300049,1254.300049,445,gold
4/10/2017,1252.699951,1255.199951,1246.800049,1251.099976,1251.099976,182,gold
4/11/2017,1254.5,1273.5,1254.5,1271.199951,1271.199951,401,gold
4/12/2017,1275,1285.099976,1272,1275.300049,1275.300049,492,gold
4/13/2017,1285.300049,1287.599976,1282,1285.900024,1285.900024,915,gold
4/17/2017,1291.800049,1294.800049,1284.300049,1289.400024,1289.400024,73,gold
4/18/2017,1283.900024,1291.699951,1278.599976,1291.699951,1291.699951,394,gold
4/19/2017,1288,1288,1274,1281.400024,1281.400024,194,gold
4/20/2017,1279.699951,1281.900024,1276.199951,1281.900024,1281.900024,127,gold
4/21/2017,1279.800049,1287.400024,1279.199951,1287.400024,1287.400024,474,gold
4/24/2017,1275,1276.400024,1265,1275.800049,1275.800049,605,gold
4/25/2017,1275.599976,1276.900024,1262.099976,1265.599976,1265.599976,356,gold
4/26/2017,1266,1266,1262.099976,1262.099976,1262.099976,1156,gold
4/27/2017,1266.699951,1267.199951,1262.199951,1263.699951,1263.699951,206,gold
4/28/2017,1265.900024,1267.199951,1264.699951,1266.099976,1266.099976,85,gold
5/1/2017,1268.699951,1269.300049,1253.300049,1253.300049,1253.300049,34,gold
5/2/2017,1256.199951,1256.199951,1251.199951,1255.099976,1255.099976,90,gold
5/3/2017,1255.099976,1255.800049,1238.699951,1246.400024,1246.400024,195,gold
5/4/2017,1239.800049,1239.800049,1224.199951,1226.5,1226.5,72,gold
5/5/2017,1227,1233.699951,1224.800049,1224.800049,1224.800049,16,gold
5/8/2017,1224,1234,1224,1225.300049,1225.300049,43,gold
5/9/2017,1226.099976,1226.199951,1214,1214.300049,1214.300049,55,gold
5/10/2017,1219.800049,1220.199951,1217.300049,1217.300049,1217.300049,23,gold
5/11/2017,1218.5,1222.699951,1218.300049,1222.699951,1222.699951,13,gold
5/12/2017,1228,1229.5,1226.099976,1226.199951,1226.199951,29,gold
5/15/2017,1227.5,1232.699951,1227.5,1228.599976,1228.599976,13,gold
5/16/2017,1230.400024,1237.300049,1230.400024,1235,1235,20,gold
5/17/2017,1241,1259.199951,1240.699951,1257.5,1257.5,26,gold
5/18/2017,1254.800049,1260,1245.800049,1251.699951,1251.699951,43,gold
5/19/2017,1252.699951,1252.699951,1252.699951,1252.699951,1252.699951,14,gold
5/22/2017,1251.699951,1260.699951,1251.699951,1260.699951,1260.699951,14,gold
5/23/2017,1261.5,1261.599976,1250.599976,1254.800049,1254.800049,20,gold
5/24/2017,1251.900024,1257.800049,1249.699951,1252.400024,1252.400024,14,gold
5/25/2017,1257.099976,1258.300049,1255.800049,1255.800049,1255.800049,11,gold
5/26/2017,1267.599976,1267.599976,1267.599976,1267.599976,1267.599976,271457,gold
5/30/2017,1267.400024,1270,1258.400024,1262.099976,1262.099976,129819,gold
5/31/2017,1262.400024,1273.199951,1258.5,1272,1272,2712,gold
6/1/2017,1268,1269.199951,1260.800049,1267,1267,825,gold
6/2/2017,1265.199951,1279,1259,1276.800049,1276.800049,1732,gold
6/5/2017,1279.199951,1282,1277,1279.300049,1279.300049,433,gold
6/6/2017,1279.400024,1295.199951,1279.400024,1294.400024,1294.400024,942,gold
6/7/2017,1291.599976,1293.099976,1284.300049,1290.099976,1290.099976,641,gold
6/8/2017,1285.400024,1287.599976,1268.099976,1276.300049,1276.300049,319,gold
6/9/2017,1277.900024,1277.900024,1264.599976,1268.5,1268.5,467,gold
6/12/2017,1266.400024,1269.300049,1263.199951,1266.099976,1266.099976,255,gold
6/13/2017,1264.099976,1266.900024,1259.699951,1265.800049,1265.800049,150,gold
6/14/2017,1269.400024,1278,1256.800049,1272.800049,1272.800049,336,gold
6/15/2017,1263.199951,1264.199951,1250.300049,1252.199951,1252.199951,743,gold
6/16/2017,1252.800049,1255.300049,1251.300049,1254,1254,34,gold
6/19/2017,1252.099976,1252.199951,1241.900024,1244.199951,1244.199951,108,gold
6/20/2017,1242.199951,1245.5,1240.5,1241,1241,75,gold
6/21/2017,1244.099976,1245,1240,1243.400024,1243.400024,205,gold
6/22/2017,1251,1252.699951,1246.300049,1247.599976,1247.599976,156,gold
6/23/2017,1250,1273.599976,1249.800049,1256.199951,1256.199951,269,gold
6/26/2017,1260.199951,1260.199951,1241.599976,1246.300049,1246.300049,194,gold
6/27/2017,1251.599976,1251.800049,1245.900024,1246.400024,1246.400024,111,gold
6/28/2017,1248.5,1248.5,1248,1248,1248,370,gold
6/29/2017,1248.199951,1250.699951,1238.099976,1244.199951,1244.199951,540,gold
6/30/2017,1243.699951,1243.699951,1239.099976,1240.699951,1240.699951,43,gold
7/3/2017,null,null,null,null,null,null,gold
7/5/2017,1222.5,1225,1217.099976,1220.400024,1220.400024,40,gold
7/6/2017,1225.099976,1225.099976,1222.199951,1222.199951,1222.199951,5,gold
7/7/2017,1219.099976,1220.400024,1208.599976,1208.599976,1208.599976,116,gold
7/10/2017,1211.400024,1212.099976,1209.599976,1212.099976,1212.099976,28,gold
7/11/2017,1208.699951,1214.900024,1208.699951,1213.599976,1213.599976,12,gold
7/12/2017,1218.300049,1219.400024,1217.900024,1218.099976,1218.099976,7,gold
7/13/2017,1221.400024,1221.400024,1216.300049,1216.300049,1216.300049,7,gold
7/14/2017,1214.900024,1227.5,1214.800049,1226.599976,1226.599976,23,gold
7/17/2017,1229.900024,1233.400024,1229.900024,1232.800049,1232.800049,7,gold
7/18/2017,1236.199951,1241.199951,1236.199951,1241.099976,1241.099976,29,gold
7/19/2017,1240.400024,1241.199951,1240.099976,1241.199951,1241.199951,3,gold
7/20/2017,1236.599976,1244.800049,1236.599976,1244.800049,1244.800049,5,gold
7/21/2017,1250.699951,1254.300049,1250.5,1254.300049,1254.300049,16,gold
7/24/2017,1256,1256,1253.900024,1253.900024,1253.900024,8,gold
7/25/2017,1252.699951,1253.599976,1249.199951,1251.699951,1251.699951,18,gold
7/26/2017,1244.800049,1249,1244.800049,1249,1249,7,gold
7/27/2017,1259.599976,1259.599976,1259.599976,1259.599976,1259.599976,220309,gold
7/28/2017,1258.400024,1270,1256.900024,1268.400024,1268.400024,64180,gold
7/31/2017,1268.900024,1270.800049,1265.800049,1266.599976,1266.599976,7780,gold
8/1/2017,1268.400024,1273.300049,1262,1272.599976,1272.599976,1061,gold
8/2/2017,1268.5,1272.099976,1262.900024,1271.800049,1271.800049,393,gold
8/3/2017,1265.900024,1269.800049,1256.599976,1267.800049,1267.800049,878,gold
8/4/2017,1269,1269.599976,1253.900024,1258.300049,1258.300049,521,gold
8/7/2017,1258.699951,1259.099976,1255.300049,1258.199951,1258.199951,260,gold
8/8/2017,1256.900024,1264.099976,1251.400024,1256.400024,1256.400024,555,gold
8/9/2017,1260.199951,1277.800049,1260.199951,1273,1273,574,gold
8/10/2017,1276.599976,1287.400024,1274.900024,1283.699951,1283.699951,608,gold
8/11/2017,1286.300049,1291.099976,1282,1287.699951,1287.699951,139,gold
8/14/2017,1288.400024,1288.400024,1278.800049,1284.199951,1284.199951,338,gold
8/15/2017,1280.5,1280.5,1267.400024,1273.699951,1273.699951,188,gold
8/16/2017,1271.300049,1282.599976,1269.400024,1276.900024,1276.900024,110,gold
8/17/2017,1283.800049,1288.5,1283.199951,1286.400024,1286.400024,43,gold
8/18/2017,1288.599976,1300.699951,1284.300049,1285.699951,1285.699951,358,gold
8/21/2017,1285.199951,1290.800049,1284.699951,1290.800049,1290.800049,18,gold
8/22/2017,1287.199951,1288.400024,1283.199951,1285.099976,1285.099976,100,gold
8/23/2017,1289.400024,1289.400024,1286.900024,1288.900024,1288.900024,250,gold
8/24/2017,1288.699951,1288.699951,1284,1286.5,1286.5,550,gold
8/25/2017,1285.400024,1292.699951,1280.300049,1292.5,1292.5,280,gold
8/28/2017,1293.5,1311.300049,1293.5,1309.699951,1309.699951,145,gold
8/29/2017,1318.800049,1323.800049,1313.099976,1313.099976,1313.099976,1178,gold
8/30/2017,1308.199951,1312.5,1304.900024,1308.099976,1308.099976,1178,gold
8/31/2017,1306.599976,1322.300049,1301.699951,1316.199951,1316.199951,373,gold
9/1/2017,1320.199951,1327.699951,1316.900024,1324.5,1324.5,313,gold
9/5/2017,1335.199951,1339.199951,1328.599976,1339.199951,1339.199951,39,gold
9/6/2017,1340,1340.300049,1332.599976,1333.900024,1333.900024,20,gold
9/7/2017,1336.400024,1349,1336.400024,1345.099976,1345.099976,26,gold
9/8/2017,1351,1355.800049,1345.599976,1346,1346,37,gold
9/11/2017,1331,1331,1327.300049,1331,1331,9,gold
9/12/2017,1327,1328,1325.199951,1328,1328,15,gold
9/13/2017,1323.400024,1323.400024,1323.400024,1323.400024,1323.400024,16,gold
9/14/2017,1319.599976,1329.300049,1319.599976,1324.699951,1324.699951,316,gold
9/15/2017,1320.599976,1321.199951,1319.800049,1320.400024,1320.400024,15,gold
9/18/2017,1309.800049,1310.400024,1306,1306.300049,1306.300049,129,gold
9/19/2017,1307.900024,1310.300049,1305.099976,1306.199951,1306.199951,20,gold
9/20/2017,1312,1312,1298.699951,1312,1312,12,gold
9/21/2017,1299.099976,1304.099976,1290.300049,1290.599976,1290.599976,336,gold
9/22/2017,1295,1295.699951,1293.300049,1293.300049,1293.300049,209,gold
9/25/2017,1293.099976,1309.199951,1291,1306.800049,1306.800049,51,gold
9/26/2017,1304.5,1305.599976,1297,1297,1297,39,gold
9/27/2017,1283.400024,1283.400024,1283.400024,1283.400024,1283.400024,19488,gold
9/28/2017,1283.099976,1288,1277,1285.5,1285.5,5226,gold
9/29/2017,1284.199951,1289.400024,1281.5,1281.5,1281.5,492,gold
10/2/2017,1275,1276.099976,1270.400024,1272.699951,1272.699951,136,gold
10/3/2017,1269.699951,1273.300049,1268.599976,1271.5,1271.5,192,gold
10/4/2017,1273.800049,1280.800049,1270,1273.699951,1273.699951,218,gold
10/5/2017,1277.800049,1277.800049,1267.599976,1269.900024,1269.900024,36,gold
10/6/2017,1267.599976,1272,1260.5,1271.599976,1271.599976,46,gold
10/9/2017,1280.599976,1284,1279,1281.800049,1281.800049,19,gold
10/10/2017,1282.599976,1293,1281.699951,1290.599976,1290.599976,18,gold
10/11/2017,1287.300049,1292,1284.900024,1285.800049,1285.800049,21,gold
10/12/2017,1291.5,1294.5,1289.300049,1293.300049,1293.300049,14,gold
10/13/2017,1293.300049,1301.699951,1291.699951,1301.5,1301.5,74,gold
10/16/2017,1302,1303.800049,1291.900024,1299.900024,1299.900024,173,gold
10/17/2017,1295.099976,1295.099976,1283,1283,1283,571,gold
10/18/2017,1279.900024,1279.900024,1279.900024,1279.900024,1279.900024,163,gold
10/19/2017,1286.400024,1286.900024,1285.099976,1286.900024,1286.900024,134,gold
10/20/2017,1279.599976,1279.599976,1277.400024,1277.400024,1277.400024,304,gold
10/23/2017,1274.699951,1280.800049,1271.5,1277.699951,1277.699951,115,gold
10/24/2017,1275.5,1275.5,1273.699951,1275,1275,111,gold
10/25/2017,1269.900024,1275.400024,1269.900024,1275.400024,1275.400024,105,gold
10/26/2017,1273.5,1273.5,1264.699951,1266.300049,1266.300049,39,gold
10/27/2017,1268.400024,1268.5,1267.099976,1268.5,1268.5,567,gold
10/30/2017,1270,1274.099976,1267.900024,1274.099976,1274.099976,222,gold
10/31/2017,1273.099976,1274.599976,1266.099976,1267,1267,235,gold
11/1/2017,1272.199951,1274.800049,1270.300049,1274.099976,1274.099976,78,gold
11/2/2017,1274.900024,1274.900024,1274.900024,1274.900024,1274.900024,70,gold
11/3/2017,1265.300049,1267.900024,1265.300049,1266.5,1266.5,75,gold
11/6/2017,1269,1280.5,1269,1279.400024,1279.400024,128,gold
11/7/2017,1276.800049,1276.800049,1270.400024,1273.699951,1273.699951,11,gold
11/8/2017,1275.900024,1284.900024,1274.699951,1281.599976,1281.599976,15,gold
11/9/2017,1279.699951,1286.900024,1279.699951,1285.599976,1285.599976,18,gold
11/10/2017,1283.5,1283.5,1272.400024,1272.400024,1272.400024,10,gold
11/13/2017,1277.300049,1277.300049,1277,1277.300049,1277.300049,3,gold
11/14/2017,1276.900024,1281.5,1276.900024,1281.5,1281.5,4,gold
11/15/2017,1281.400024,1284.699951,1275.900024,1276.5,1276.5,13,gold
11/16/2017,1277.5,1277.5,1277.400024,1277.400024,1277.400024,43,gold
11/17/2017,1288.300049,1295.800049,1288.300049,1295.800049,1295.800049,1,gold
11/20/2017,1274.599976,1275.900024,1274.599976,1274.599976,1274.599976,1,gold
11/21/2017,1281.099976,1281.099976,1281.099976,1281.099976,1281.099976,4,gold
11/22/2017,1284.699951,1291.599976,1282.900024,1291.599976,1291.599976,4,gold
11/24/2017,null,null,null,null,null,null,gold
11/27/2017,1293.800049,1293.800049,1293.800049,1293.800049,1293.800049,1,gold
11/28/2017,1294.699951,1294.699951,1294.699951,1294.699951,1294.699951,275442,gold
11/29/2017,1293.400024,1296.199951,1281.099976,1282.099976,1282.099976,47244,gold
11/30/2017,1283.099976,1284.5,1269.699951,1273.199951,1273.199951,3049,gold
12/1/2017,1274.099976,1288.599976,1271,1278.800049,1278.800049,823,gold
12/4/2017,1272.5,1276.099976,1270.300049,1274.300049,1274.300049,850,gold
12/5/2017,1275.400024,1275.800049,1260,1261.599976,1261.599976,1499,gold
12/6/2017,1264.900024,1267.800049,1261.599976,1262.800049,1262.800049,373,gold
12/7/2017,1262.300049,1262.400024,1243.900024,1249.800049,1249.800049,358,gold
12/8/2017,1246.300049,1249.300049,1241.5,1245.199951,1245.199951,157,gold
12/11/2017,1248.400024,1249.199951,1239.900024,1243.699951,1243.699951,146,gold
12/12/2017,1241.300049,1244.400024,1236.5,1238.5,1238.5,692,gold
12/13/2017,1241.900024,1254.5,1239.800049,1245.400024,1245.400024,349,gold
12/14/2017,1252.900024,1257.699951,1250.300049,1253.800049,1253.800049,139,gold
12/15/2017,1253.099976,1260.300049,1253.099976,1254.300049,1254.300049,578,gold
12/18/2017,1256.199951,1262.400024,1255.699951,1262.199951,1262.199951,45,gold
12/19/2017,1261.099976,1264.300049,1259.5,1260.699951,1260.699951,329,gold
12/20/2017,1261.300049,1266.599976,1261.300049,1266.099976,1266.099976,63,gold
12/21/2017,1266.400024,1267.400024,1264.300049,1267.300049,1267.300049,226,gold
12/22/2017,1266.300049,1276.300049,1266.300049,1275.400024,1275.400024,119,gold
12/26/2017,1282.400024,1284.099976,1281.800049,1284.099976,1284.099976,84,gold
12/27/2017,1284,1287,1284,1287,1287,456,gold
12/28/2017,1288.199951,1294.099976,1288.199951,1294.099976,1294.099976,245,gold
12/29/2017,1294.199951,1306.300049,1294,1306.300049,1306.300049,65,gold
1/2/2018,1302.300049,1317.599976,1302.300049,1313.699951,1313.699951,68,gold
1/3/2018,1320,1320.099976,1312.099976,1316.199951,1316.199951,42,gold
1/4/2018,1319.400024,1322,1319.400024,1319.400024,1319.400024,2,gold
1/5/2018,1320.300049,1320.300049,1320.300049,1320.300049,1320.300049,1,gold
1/8/2018,1319.900024,1319.900024,1314.599976,1318.599976,1318.599976,41,gold
1/9/2018,1309.599976,1311.699951,1309.599976,1311.699951,1311.699951,16,gold
1/10/2018,1320.300049,1320.699951,1315.300049,1317.400024,1317.400024,70,gold
1/11/2018,1317.099976,1320.599976,1316.300049,1320.599976,1320.599976,9,gold
1/12/2018,1327.800049,1338.199951,1327.800049,1333.400024,1333.400024,14,gold
1/16/2018,1331.099976,1335.400024,1331,1335.400024,1335.400024,13,gold
1/17/2018,1334.400024,1338,1326.800049,1338,1338,27,gold
1/18/2018,1328.900024,1328.900024,1326,1326,1326,211,gold
1/19/2018,1330.099976,1333,1330.099976,1331.900024,1331.900024,50,gold
1/22/2018,1328.400024,1330.900024,1328.400024,1330.900024,1330.900024,162,gold
1/23/2018,1335.800049,1335.900024,1335.699951,1335.699951,1335.699951,47,gold
1/24/2018,1355.900024,1357.199951,1355.900024,1355.900024,1355.900024,18,gold
1/25/2018,1356.300049,1362.400024,1346.699951,1362.400024,1362.400024,4,gold
1/26/2018,1351.599976,1352,1350.900024,1351.599976,1351.599976,280546,gold
1/29/2018,null,null,null,null,null,null,gold
1/30/2018,1338.699951,1347.800049,1332.800049,1335.400024,1335.400024,52100,gold
1/31/2018,1337.5,1346.900024,1331.800049,1339,1339,4881,gold
2/1/2018,1343.800049,1350.599976,1336.800049,1344.300049,1344.300049,1680,gold
2/2/2018,1348.5,1352.099976,1327.699951,1333.699951,1333.699951,2841,gold
2/5/2018,1331.099976,1340.199951,1329,1333,1333,641,gold
2/6/2018,1338.199951,1343.699951,1319.5,1326.099976,1326.099976,529,gold
2/7/2018,1325.400024,1331.099976,1310.5,1311.599976,1311.599976,491,gold
2/8/2018,1317.099976,1321.099976,1307,1316.900024,1316.900024,459,gold
2/9/2018,1320.900024,1322,1311.900024,1313.099976,1313.099976,451,gold
2/12/2018,1323.800049,1325.5,1318,1324.199951,1324.199951,140,gold
2/13/2018,1324.5,1329.599976,1323.400024,1328.099976,1328.099976,71,gold
2/14/2018,1332.800049,1355.5,1324,1355.5,1355.5,400,gold
2/15/2018,1352,1355.900024,1349.699951,1352.099976,1352.099976,111,gold
2/16/2018,1354,1361.400024,1344.900024,1353.199951,1353.199951,110,gold
2/20/2018,1348.400024,1350.199951,1328.5,1328.800049,1328.800049,283,gold
2/21/2018,1326.800049,1331.5,1324.400024,1330,1330,119,gold
2/22/2018,1322,1331.400024,1322,1330.599976,1330.599976,70,gold
2/23/2018,1328,1332.099976,1327.699951,1328.199951,1328.199951,427,gold
2/26/2018,1335,1340.5,1330.699951,1330.699951,1330.699951,652,gold
2/27/2018,1331.699951,1332.599976,1312.699951,1315.5,1315.5,710,gold
2/28/2018,1315.400024,1321,1315.400024,1315.5,1315.5,58,gold
3/1/2018,1310.400024,1318.099976,1301.800049,1302.900024,1302.900024,43,gold
3/2/2018,1314.300049,1323.199951,1314.300049,1321.099976,1321.099976,155,gold
3/5/2018,1323.5,1325.900024,1318.099976,1318.099976,1318.099976,18,gold
3/6/2018,1321.599976,1333.599976,1321.400024,1333.599976,1333.599976,18,gold
3/7/2018,1338.099976,1338.099976,1326,1326,1326,27,gold
3/8/2018,1324.800049,1326.800049,1319.300049,1319.900024,1319.900024,62,gold
3/9/2018,1316.800049,1322.400024,1313,1322.400024,1322.400024,88,gold
3/12/2018,1319.400024,1319.400024,1319.400024,1319.400024,1319.400024,0,gold
3/13/2018,1325.900024,1325.900024,1325.300049,1325.900024,1325.900024,13,gold
3/14/2018,1322.199951,1324.400024,1322.199951,1324.400024,1324.400024,19,gold
3/15/2018,1316.800049,1316.800049,1316.800049,1316.800049,1316.800049,0,gold
3/16/2018,1310.099976,1311.300049,1310.099976,1311.300049,1311.300049,34,gold
3/19/2018,1309.400024,1316.900024,1307.300049,1316.800049,1316.800049,6,gold
3/20/2018,1311.099976,1311.099976,1311.099976,1311.099976,1311.099976,4,gold
3/21/2018,1312.400024,1328.800049,1312.400024,1320.699951,1320.699951,34,gold
3/22/2018,1326.599976,1326.599976,1326.599976,1326.599976,1326.599976,0,gold
3/23/2018,1343.199951,1349.300049,1343.199951,1349.300049,1349.300049,8,gold
3/26/2018,1348.5,1354.400024,1345.099976,1354.400024,1354.400024,10,gold
3/27/2018,1341,1341.300049,1341,1341.300049,1341.300049,290889,gold
3/28/2018,1345,1346.400024,1322.400024,1324.199951,1324.199951,59284,gold
3/29/2018,1324,1327.099976,1321.699951,1322.800049,1322.800049,5585,gold
4/2/2018,1327,1344.199951,1324.699951,1342.099976,1342.099976,649,gold
4/3/2018,1340.400024,1341.5,1328.5,1332.800049,1332.800049,702,gold
4/4/2018,1331.800049,1347.300049,1331.599976,1335.800049,1335.800049,718,gold
4/5/2018,1333.5,1333.699951,1322.599976,1324.300049,1324.300049,258,gold
4/6/2018,1326.5,1333,1319,1331.900024,1331.900024,348,gold
4/9/2018,1333,1337.5,1327,1336.300049,1336.300049,290,gold
4/10/2018,1335.199951,1342,1333,1342,1342,105,gold
4/11/2018,1340.099976,1365.400024,1340.099976,1356.5,1356.5,118,gold
4/12/2018,1351.199951,1351.5,1334.599976,1338.400024,1338.400024,34,gold
4/13/2018,1335.900024,1346,1335.900024,1344.800049,1344.800049,67,gold
4/16/2018,1341,1348.800049,1341,1347.5,1347.5,60,gold
4/17/2018,1348,1348.099976,1339,1347.199951,1347.199951,409,gold
4/18/2018,1343.5,1354.199951,1343.5,1351.199951,1351.199951,45,gold
4/19/2018,1348.599976,1355.199951,1341.599976,1346.800049,1346.800049,387,gold
4/20/2018,1342.5,1343.400024,1335.300049,1336.699951,1336.699951,310,gold
4/23/2018,1334,1334.400024,1322.5,1322.5,1322.5,68,gold
4/24/2018,1326.400024,1331.699951,1326.199951,1331.400024,1331.400024,28,gold
4/25/2018,1324,1325,1320,1321.199951,1321.199951,278,gold
4/26/2018,1315.699951,1316.300049,1315.699951,1316.300049,1316.300049,569,gold
4/27/2018,1315.300049,1321.699951,1312.800049,1320.300049,1320.300049,622,gold
4/30/2018,1309.599976,1316.199951,1309.599976,1316.199951,1316.199951,49,gold
5/1/2018,1313.199951,1313.800049,1303.400024,1303.800049,1303.800049,28,gold
5/2/2018,1309,1309.300049,1302.599976,1302.599976,1302.599976,23,gold
5/3/2018,1310.699951,1310.699951,1310.699951,1310.699951,1310.699951,4,gold
5/4/2018,1312.699951,1312.699951,1312.699951,1312.699951,1312.699951,0,gold
5/7/2018,1310.599976,1312.5,1310.199951,1312.199951,1312.199951,4,gold
5/8/2018,1310.099976,1312,1308.5,1312,1312,337,gold
5/9/2018,1311.300049,1311.300049,1311.300049,1311.300049,1311.300049,70,gold
5/10/2018,1312.199951,1320.800049,1312.199951,1320.800049,1320.800049,8,gold
5/11/2018,1319,1319,1319,1319,1319,3,gold
5/14/2018,1319.900024,1319.900024,1316.5,1316.5,1316.5,4,gold
5/15/2018,1304.599976,1304.699951,1288.900024,1288.900024,1288.900024,8,gold
5/16/2018,1290.900024,1294,1285.400024,1290.199951,1290.199951,26,gold
5/17/2018,1291.300049,1291.300049,1288.199951,1288.199951,1288.199951,2,gold
5/18/2018,1285.199951,1290.199951,1285.199951,1290.199951,1290.199951,2,gold
5/21/2018,1287.400024,1292.099976,1287.400024,1290.199951,1290.199951,52,gold
5/22/2018,1291.699951,1291.699951,1291.699951,1291.699951,1291.699951,50,gold
5/23/2018,1289.300049,1289.300049,1289.300049,1289.300049,1289.300049,10,gold
5/24/2018,1303.699951,1303.699951,1303.699951,1303.699951,1303.699951,0,gold
5/25/2018,1303.300049,1303.300049,1303.300049,1303.300049,1303.300049,1,gold
5/29/2018,1298.699951,1298.699951,1298.699951,1298.699951,1298.699951,386334,gold
5/30/2018,1298,1303.699951,1295.199951,1301.5,1301.5,50845,gold
5/31/2018,1301,1306.800049,1296.599976,1300.099976,1300.099976,4082,gold
6/1/2018,1298.599976,1299.5,1288.900024,1294.800049,1294.800049,663,gold
6/4/2018,1293.900024,1297.099976,1290,1293.099976,1293.099976,144,gold
6/5/2018,1292.099976,1299.800049,1289.900024,1297.5,1297.5,357,gold
6/6/2018,1296.099976,1300.400024,1294.099976,1297.099976,1297.099976,373,gold
6/7/2018,1298.400024,1302.800049,1296.199951,1298.699951,1298.699951,79,gold
6/8/2018,1295.300049,1299.400024,1294.800049,1298.099976,1298.099976,650,gold
6/11/2018,1299.300049,1302,1295.199951,1298.900024,1298.900024,71,gold
6/12/2018,1297.800049,1298.099976,1292.699951,1295.099976,1295.099976,153,gold
6/13/2018,1294,1299.400024,1290.900024,1296.900024,1296.900024,135,gold
6/14/2018,1297.199951,1307.699951,1297.199951,1304,1304,42,gold
6/15/2018,1297.199951,1307.699951,1274,1274.599976,1274.599976,589,gold
6/18/2018,1280.699951,1280.699951,1276.199951,1276.199951,1276.199951,35,gold
6/19/2018,1278.699951,1281.800049,1269.900024,1275.599976,1275.599976,34,gold
6/20/2018,1274.400024,1274.400024,1271.199951,1271.199951,1271.199951,7,gold
6/21/2018,1262.699951,1268.900024,1260,1267.199951,1267.199951,46,gold
6/22/2018,1268.099976,1270.199951,1267,1267.400024,1267.400024,74,gold
6/25/2018,1270.599976,1271.199951,1265.599976,1265.599976,1265.599976,37,gold
6/26/2018,1267.199951,1267.199951,1256.599976,1256.599976,1256.599976,89,gold
6/27/2018,1255.5,1255.5,1252.300049,1252.800049,1252.800049,1162,gold
6/28/2018,1251.699951,1251.699951,1244.800049,1247.800049,1247.800049,378,gold
6/29/2018,1250.300049,1253.300049,1249.099976,1251.300049,1251.300049,48,gold
7/2/2018,1249.900024,1249.900024,1239.800049,1239.800049,1239.800049,29,gold
7/3/2018,null,null,null,null,null,null,gold
7/5/2018,1255.5,1257.300049,1253.599976,1257.300049,1257.300049,9,gold
7/6/2018,1255.5,1255.5,1254.300049,1254.300049,1254.300049,7,gold
7/9/2018,1258.199951,1262.300049,1257.699951,1258.099976,1258.099976,37,gold
7/10/2018,1256.199951,1256.900024,1249.300049,1253.800049,1253.800049,65,gold
7/11/2018,1253.199951,1253.199951,1242.800049,1242.800049,1242.800049,30,gold
7/12/2018,1240.900024,1246.699951,1240.900024,1245,1245,7,gold
7/13/2018,1244.699951,1247,1239.599976,1239.599976,1239.599976,2,gold
7/16/2018,1242.699951,1243.800049,1238.099976,1238.099976,1238.099976,2,gold
7/17/2018,1225.699951,1225.699951,1225.699951,1225.699951,1225.699951,0,gold
7/18/2018,1226.699951,1226.699951,1222.199951,1226.300049,1226.300049,67,gold
7/19/2018,1227.199951,1228,1211.699951,1222.400024,1222.400024,33,gold
7/20/2018,1229.5,1229.5,1229.5,1229.5,1229.5,0,gold
7/23/2018,1222,1224,1222,1224,1224,1,gold
7/24/2018,1223.900024,1223.900024,1223.900024,1223.900024,1223.900024,0,gold
7/25/2018,1231.400024,1231.400024,1231.400024,1231.400024,1231.400024,0,gold
7/26/2018,1227.800049,1227.800049,1225.300049,1225.300049,1225.300049,1,gold
7/27/2018,1222.599976,1222.599976,1222.599976,1222.599976,1222.599976,254428,gold
7/30/2018,1222.5,1223.900024,1218.099976,1221.300049,1221.300049,62239,gold
7/31/2018,1220.400024,1228.099976,1213,1223.699951,1223.699951,2722,gold
8/1/2018,1222.900024,1223.699951,1214.400024,1217.900024,1217.900024,1026,gold
8/2/2018,1214.699951,1219.300049,1205.800049,1210.599976,1210.599976,411,gold
8/3/2018,1206.5,1218.599976,1205.099976,1214.199951,1214.199951,784,gold
8/6/2018,1214.400024,1214.400024,1206.599976,1208.599976,1208.599976,297,gold
8/7/2018,1207.800049,1214.800049,1207.800049,1209.599976,1209.599976,715,gold
8/8/2018,1212,1215.199951,1205.900024,1212.599976,1212.599976,209,gold
8/9/2018,1214.5,1215.300049,1211.599976,1211.900024,1211.900024,44,gold
8/10/2018,1212.5,1216.400024,1205.599976,1211.099976,1211.099976,75,gold
8/13/2018,1207,1207.400024,1191.300049,1191.300049,1191.300049,78,gold
8/14/2018,1193.099976,1197.5,1192.800049,1193,1193,92,gold
8/15/2018,1187.800049,1188.099976,1174.599976,1177.5,1177.5,71,gold
8/16/2018,1173.199951,1180.199951,1161.400024,1176.199951,1176.199951,123,gold
8/17/2018,1174.699951,1181.199951,1174.699951,1176.5,1176.5,66,gold
8/20/2018,1184.800049,1190,1184.400024,1186.800049,1186.800049,68,gold
8/21/2018,1189.800049,1192.599976,1189.800049,1192.599976,1192.599976,22,gold
8/22/2018,1194.699951,1196.300049,1194.699951,1196.300049,1196.300049,17,gold
8/23/2018,1189.300049,1190.300049,1184.900024,1187,1187,95,gold
8/24/2018,1185.300049,1208,1185.300049,1206.300049,1206.300049,12,gold
8/27/2018,1210.300049,1211.400024,1205.199951,1209,1209,154,gold
8/28/2018,1209.699951,1217,1202.300049,1207.400024,1207.400024,136,gold
8/29/2018,1205.199951,1205.199951,1202.400024,1204.5,1204.5,817,gold
8/30/2018,1205.400024,1205.599976,1196,1197.699951,1197.699951,493,gold
8/31/2018,1207.099976,1208.199951,1199.099976,1200.300049,1200.300049,191,gold
9/4/2018,1193.800049,1193.800049,1189.900024,1192.699951,1192.699951,26,gold
9/5/2018,1192.5,1196,1192.5,1194.900024,1194.900024,21,gold
9/6/2018,1202,1202,1197.900024,1197.900024,1197.900024,7,gold
9/7/2018,1198.300049,1198.300049,1193.099976,1193.599976,1193.599976,29,gold
9/10/2018,1193,1193,1193,1193,1193,11,gold
9/11/2018,1190.400024,1196.300049,1190.400024,1195.400024,1195.400024,21,gold
9/12/2018,1205,1205,1204.699951,1204.699951,1204.699951,37,gold
9/13/2018,1203.400024,1203.400024,1200,1202,1202,22,gold
9/14/2018,1195,1195,1195,1195,1195,1,gold
9/17/2018,1199.699951,1199.699951,1199.699951,1199.699951,1199.699951,0,gold
9/18/2018,1198.699951,1198.699951,1196.800049,1196.800049,1196.800049,2,gold
9/19/2018,1202.199951,1202.199951,1202.199951,1202.199951,1202.199951,0,gold
9/20/2018,1206.199951,1206.199951,1206.199951,1206.199951,1206.199951,0,gold
9/21/2018,1196.199951,1196.199951,1196.199951,1196.199951,1196.199951,0,gold
9/24/2018,1199.300049,1199.300049,1199.300049,1199.300049,1199.300049,0,gold
9/25/2018,1202.099976,1202.800049,1200,1200,1200,21,gold
9/26/2018,1194,1194,1194,1194,1194,17857,gold
9/27/2018,1194.599976,1197.300049,1180.5,1182.300049,1182.300049,4947,gold
9/28/2018,1181.699951,1191.900024,1180,1191.5,1191.5,404,gold
10/1/2018,1191.599976,1191.599976,1185.800049,1187.099976,1187.099976,180,gold
10/2/2018,1193,1206,1190.300049,1202.400024,1202.400024,451,gold
10/3/2018,1202.599976,1202.599976,1196.599976,1198.300049,1198.300049,76,gold
10/4/2018,1199.300049,1204.599976,1197.199951,1197.199951,1197.199951,496,gold
10/5/2018,1197.099976,1205.300049,1196.900024,1201.199951,1201.199951,34,gold
10/8/2018,1201,1201,1183.699951,1184.400024,1184.400024,250,gold
10/9/2018,1185.599976,1189.099976,1185.599976,1187.199951,1187.199951,9,gold
10/10/2018,1189.300049,1192,1189.300049,1189.300049,1189.300049,1078,gold
10/11/2018,1198.099976,1224.599976,1196.300049,1223.5,1223.5,126,gold
10/12/2018,1221.599976,1221.599976,1216,1218.099976,1218.099976,122,gold
10/15/2018,1222.400024,1232.300049,1222.400024,1226.400024,1226.400024,136,gold
10/16/2018,1227.099976,1230.5,1227.099976,1227.300049,1227.300049,426,gold
10/17/2018,1225.900024,1225.900024,1223.699951,1223.699951,1223.699951,1,gold
10/18/2018,1226.5,1226.5,1226.5,1226.5,1226.5,165,gold
10/19/2018,1225.300049,1225.300049,1225.300049,1225.300049,1225.300049,55,gold
10/22/2018,1224.5,1224.5,1219.599976,1221.199951,1221.199951,18,gold
10/23/2018,1224.800049,1237.800049,1224.800049,1233.400024,1233.400024,33,gold
10/24/2018,1231.599976,1231.599976,1227.800049,1227.800049,1227.800049,36,gold
10/25/2018,1238.599976,1238.599976,1229.099976,1229.099976,1229.099976,7,gold
10/26/2018,1234.300049,1234.800049,1232.5,1232.5,1232.5,20,gold
10/29/2018,1224.5,1224.5,1224.5,1224.5,1224.5,214,gold
10/30/2018,1227.699951,1227.699951,1219.800049,1222.599976,1222.599976,72,gold
10/31/2018,1216,1216.599976,1212,1212.300049,1212.300049,121,gold
11/1/2018,1215.400024,1236,1215.400024,1236,1236,14,gold
11/2/2018,1233.300049,1233.300049,1230.900024,1230.900024,1230.900024,18,gold
11/5/2018,1230.599976,1231.5,1226.699951,1229.800049,1229.800049,15,gold
11/6/2018,1230.699951,1233.800049,1223.800049,1223.800049,1223.800049,4,gold
11/7/2018,1228.599976,1228.599976,1226.199951,1226.199951,1226.199951,1,gold
11/8/2018,1222.900024,1222.900024,1222.900024,1222.900024,1222.900024,2,gold
11/9/2018,1207.900024,1207.900024,1206.400024,1206.400024,1206.400024,14,gold
11/12/2018,1201.599976,1201.599976,1201.300049,1201.300049,1201.300049,1,gold
11/13/2018,1196.300049,1201.300049,1196.300049,1199.199951,1199.199951,5,gold
11/14/2018,1207.900024,1207.900024,1207.900024,1207.900024,1207.900024,0,gold
11/15/2018,1212.800049,1212.800049,1212.800049,1212.800049,1212.800049,0,gold
11/16/2018,1216.699951,1223.800049,1216.699951,1220.800049,1220.800049,5,gold
11/19/2018,1223.099976,1223.099976,1223.099976,1223.099976,1223.099976,0,gold
11/20/2018,1225.300049,1228.800049,1219,1219,1219,12,gold
11/21/2018,1225.800049,1225.800049,1225.800049,1225.800049,1225.800049,0,gold
11/23/2018,null,null,null,null,null,null,gold
11/26/2018,1220.199951,1222,1220.199951,1220.199951,1220.199951,2,gold
11/27/2018,1221.900024,1222,1211.199951,1211.199951,1211.199951,5,gold
11/28/2018,1211.5,1221.400024,1211.5,1221.400024,1221.400024,247168,gold
11/29/2018,1221,1228.699951,1220.5,1224.099976,1224.099976,55478,gold
11/30/2018,1224.099976,1225,1216.099976,1220.199951,1220.199951,2060,gold
12/3/2018,1222.5,1234.099976,1221.300049,1233.900024,1233.900024,751,gold
12/4/2018,1231,1241.400024,1230.400024,1241.099976,1241.099976,474,gold
12/6/2018,1237.5,1244.400024,1234.800049,1238.099976,1238.099976,434,gold
12/7/2018,1238.300049,1249.800049,1237.599976,1246.800049,1246.800049,211,gold
12/10/2018,1249.599976,1249.599976,1241.699951,1243.699951,1243.699951,131,gold
12/11/2018,1245.800049,1248.699951,1241.5,1241.900024,1241.900024,117,gold
12/12/2018,1245.300049,1245.599976,1244.099976,1244.400024,1244.400024,84,gold
12/13/2018,1243.5,1243.5,1241,1242.699951,1242.699951,194,gold
12/14/2018,1241.699951,1241.699951,1234.099976,1237,1237,33,gold
12/17/2018,1239.300049,1247.400024,1239.300049,1247.400024,1247.400024,10,gold
12/18/2018,1248.199951,1249.199951,1245.599976,1249.199951,1249.199951,31,gold
12/19/2018,1255.800049,1255.800049,1252.099976,1252.099976,1252.099976,268,gold
12/20/2018,1243.199951,1263.599976,1243.199951,1263.599976,1263.599976,49,gold
12/21/2018,1260.300049,1261.300049,1253.800049,1253.800049,1253.800049,96,gold
12/24/2018,null,null,null,null,null,null,gold
12/26/2018,1269.300049,1277.400024,1269.199951,1269.199951,1269.199951,63,gold
12/27/2018,1276.699951,1277.300049,1276.699951,1277.300049,1277.300049,480,gold
12/28/2018,1273.5,1280.099976,1273.5,1279.900024,1279.900024,805,gold
12/31/2018,1278,1281.300049,1277.599976,1278.300049,1278.300049,19,gold
1/2/2019,1286,1286,1277.599976,1281,1281,149,gold
1/3/2019,1286.800049,1292,1286.699951,1291.800049,1291.800049,10,gold
1/4/2019,1294.199951,1294.199951,1275.300049,1282.699951,1282.699951,34,gold
1/7/2019,1286.800049,1286.800049,1286.599976,1286.800049,1286.800049,2,gold
1/8/2019,1280.5,1283.199951,1278.199951,1283.199951,1283.199951,54,gold
1/9/2019,1279.400024,1289.300049,1279.199951,1289.300049,1289.300049,102,gold
1/10/2019,1284.699951,1284.699951,1284.699951,1284.699951,1284.699951,0,gold
1/11/2019,1291.199951,1291.199951,1286.300049,1287.099976,1287.099976,11,gold
1/14/2019,1292.400024,1293.900024,1289.099976,1289.099976,1289.099976,7,gold
1/15/2019,1290.099976,1292.699951,1286.199951,1286.199951,1286.199951,3,gold
1/16/2019,1291.599976,1291.599976,1291.599976,1291.599976,1291.599976,2,gold
1/17/2019,1291.599976,1292.699951,1288.5,1291,1291,10,gold
1/18/2019,1281.300049,1281.300049,1281.300049,1281.300049,1281.300049,3,gold
1/22/2019,1282.5,1283.300049,1282.5,1282.5,1282.5,7,gold
1/23/2019,1281.699951,1283.900024,1278.699951,1283.099976,1283.099976,14,gold
1/24/2019,1279.099976,1279.099976,1278.5,1279.099976,1279.099976,1,gold
1/25/2019,1297.400024,1297.400024,1297.400024,1297.400024,1297.400024,0,gold
1/28/2019,1300.800049,1307.099976,1298.400024,1302.400024,1302.400024,54,gold
1/29/2019,1308.199951,1308.199951,1308.199951,1308.199951,1308.199951,213607,gold
1/30/2019,1310.400024,1323.400024,1308.099976,1309.900024,1309.900024,54958,gold
1/31/2019,1320,1325.400024,1316.699951,1319.699951,1319.699951,1970,gold
2/1/2019,1320.300049,1320.699951,1315.400024,1316.900024,1316.900024,878,gold
2/4/2019,1318.099976,1318.099976,1308.300049,1314.300049,1314.300049,675,gold
2/5/2019,1311.099976,1315.099976,1311,1314.199951,1314.199951,362,gold
2/6/2019,1312.5,1313.5,1305,1309.5,1309.5,358,gold
2/7/2019,1302.900024,1310.400024,1302.199951,1309.400024,1309.400024,203,gold
2/8/2019,1309.5,1314,1307.800049,1313.699951,1313.699951,122,gold
2/11/2019,1313.400024,1313.400024,1304.699951,1307,1307,119,gold
2/12/2019,1310,1312,1307.599976,1309.199951,1309.199951,109,gold
2/13/2019,1311.599976,1316,1308.099976,1310.800049,1310.800049,143,gold
2/14/2019,1305,1311.800049,1301.599976,1309.800049,1309.800049,858,gold
2/15/2019,1313.599976,1318.800049,1313.599976,1318.099976,1318.099976,190,gold
2/19/2019,1320.900024,1340.099976,1320.5,1340.099976,1340.099976,390,gold
2/20/2019,1342.199951,1344,1338,1343.300049,1343.300049,581,gold
2/21/2019,1331.300049,1334.900024,1320.900024,1323.5,1323.5,414,gold
2/22/2019,1324.199951,1331.300049,1321,1329.199951,1329.199951,718,gold
2/25/2019,1329.199951,1331.599976,1325.599976,1325.900024,1325.900024,185,gold
2/26/2019,1323.300049,1325.5,1323.300049,1325.099976,1325.099976,939,gold
2/27/2019,1327.699951,1327.900024,1316.5,1317.699951,1317.699951,604,gold
2/28/2019,1321.099976,1323.699951,1311.5,1312.800049,1312.800049,141,gold
3/1/2019,1312.199951,1312.199951,1288.900024,1296.400024,1296.400024,110,gold
3/4/2019,1285.5,1287,1281.900024,1284.800049,1284.800049,28,gold
3/5/2019,1287,1287,1282,1282,1282,114,gold
3/6/2019,1287.099976,1287.099976,1282.599976,1284.900024,1284.900024,14,gold
3/7/2019,1281,1284.599976,1281,1283.800049,1283.800049,11,gold
3/8/2019,1292.099976,1297.400024,1291.599976,1297,1297,10,gold
3/11/2019,1291,1291,1288.800049,1288.800049,1288.800049,9,gold
3/12/2019,1294.699951,1296.300049,1294.699951,1296.300049,1296.300049,1,gold
3/13/2019,1307.5,1307.5,1307.5,1307.5,1307.5,0,gold
3/14/2019,1293.400024,1293.400024,1293.400024,1293.400024,1293.400024,1,gold
3/15/2019,1300.900024,1304.699951,1300.5,1301.800049,1301.800049,26,gold
3/18/2019,1297.300049,1302.199951,1297.300049,1300.300049,1300.300049,8,gold
3/19/2019,1306.900024,1306.900024,1304.800049,1305,1305,20,gold
3/20/2019,1300.699951,1300.699951,1300.5,1300.5,1300.5,2,gold
3/21/2019,1306.099976,1306.099976,1306.099976,1306.099976,1306.099976,0,gold
3/22/2019,1311.599976,1311.599976,1311.599976,1311.599976,1311.599976,0,gold
3/25/2019,1320.699951,1322.900024,1320.699951,1321.900024,1321.900024,19,gold
3/26/2019,1315.599976,1315.599976,1314.300049,1314.300049,1314.300049,1,gold
3/27/2019,1309.900024,1309.900024,1309.900024,1309.900024,1309.900024,206263,gold
3/28/2019,1308.400024,1311.099976,1287.699951,1289.800049,1289.800049,87798,gold
3/29/2019,1289.599976,1298.5,1286.099976,1293,1293,1265,gold
4/1/2019,1291.800049,1295.900024,1285.699951,1288.400024,1288.400024,675,gold
4/2/2019,1286.300049,1290.900024,1284.5,1290,1290,525,gold
4/3/2019,1291.400024,1293.099976,1287.5,1289.900024,1289.900024,172,gold
4/4/2019,1290.599976,1292.599976,1279.5,1289,1289,269,gold
4/5/2019,1292,1292,1283.599976,1290.400024,1290.400024,181,gold
4/8/2019,1292.199951,1302.099976,1291.800049,1297.099976,1297.099976,63,gold
4/9/2019,1298.5,1304.900024,1298.5,1303.5,1303.5,30,gold
4/10/2019,1304,1309.099976,1301.5,1309.099976,1309.099976,66,gold
4/11/2019,1307,1307.099976,1288.599976,1288.599976,1288.599976,420,gold
4/12/2019,1293.400024,1293.400024,1289.199951,1290.599976,1290.599976,607,gold
4/15/2019,1284.800049,1287.300049,1282.300049,1286.800049,1286.800049,523,gold
4/16/2019,1285.199951,1285.199951,1272.199951,1272.599976,1272.599976,643,gold
4/17/2019,1273.5,1273.5,1271.599976,1272.199951,1272.199951,308,gold
4/18/2019,1270.800049,1273.599976,1270.099976,1271.900024,1271.900024,27,gold
4/22/2019,1273.5,1273.5,1273.5,1273.5,1273.5,147,gold
4/23/2019,1266.400024,1269.800049,1266,1269.300049,1269.300049,206,gold
4/24/2019,1268.400024,1275.5,1267.800049,1275.5,1275.5,518,gold
4/25/2019,1280.599976,1280.800049,1275.800049,1275.800049,1275.800049,95,gold
4/26/2019,1284.900024,1284.900024,1284.900024,1284.900024,1284.900024,804,gold
4/29/2019,1284.800049,1284.900024,1277.099976,1278.599976,1278.599976,568,gold
4/30/2019,1281.699951,1283.300049,1280.800049,1282.800049,1282.800049,114,gold
5/1/2019,1278.699951,1283.300049,1278.699951,1281.400024,1281.400024,70,gold
5/2/2019,1269.199951,1270.800049,1266.599976,1269.699951,1269.699951,63,gold
5/3/2019,1270.099976,1279.199951,1270.099976,1279.199951,1279.199951,15,gold
5/6/2019,1282.199951,1282.199951,1280.300049,1281.699951,1281.699951,12,gold
5/7/2019,1280.5,1283.5,1280.5,1283.5,1283.5,8,gold
5/8/2019,1279.400024,1279.400024,1279.400024,1279.400024,1279.400024,5,gold
5/9/2019,1278.900024,1285,1278.800049,1283.5,1283.5,38,gold
5/10/2019,1285.400024,1286.5,1283.300049,1285.699951,1285.699951,6,gold
5/13/2019,1286.699951,1300.099976,1281.800049,1300.099976,1300.099976,56,gold
5/14/2019,1297.800049,1297.800049,1294.699951,1294.699951,1294.699951,6,gold
5/15/2019,1296.900024,1296.900024,1296,1296.300049,1296.300049,55,gold
5/16/2019,1285.199951,1285.400024,1285,1285,1285,3,gold
5/17/2019,1280,1280,1274.5,1274.5,1274.5,1,gold
5/20/2019,1276.099976,1276.099976,1276.099976,1276.099976,1276.099976,20,gold
5/21/2019,1272,1272,1272,1272,1272,0,gold
5/22/2019,1273.599976,1273.599976,1273.599976,1273.599976,1273.599976,0,gold
5/23/2019,1284.800049,1284.800049,1284.800049,1284.800049,1284.800049,0,gold
5/24/2019,1283,1283,1283,1283,1283,9,gold
5/28/2019,1276.5,1276.5,1276.5,1276.5,1276.5,0,gold
5/29/2019,1280.599976,1280.599976,1280.599976,1280.599976,1280.599976,189694,gold
5/30/2019,1279.400024,1288.300049,1273.900024,1287.099976,1287.099976,55573,gold
5/31/2019,1287.699951,1306.400024,1287.5,1305.800049,1305.800049,2814,gold
6/3/2019,1307,1327.800049,1307,1322.699951,1322.699951,812,gold
6/4/2019,1324.300049,1328.599976,1320.800049,1323.400024,1323.400024,302,gold
6/5/2019,1328.900024,1343.300049,1326.300049,1328.300049,1328.300049,622,gold
6/6/2019,1330.800049,1338.699951,1326.199951,1337.599976,1337.599976,161,gold
6/7/2019,1333.099976,1347.699951,1329.800049,1341.199951,1341.199951,240,gold
6/10/2019,1335.800049,1336.5,1324.099976,1324.699951,1324.699951,268,gold
6/11/2019,1328.400024,1328.400024,1319.099976,1326.400024,1326.400024,201,gold
6/12/2019,1326.900024,1334.5,1326.900024,1331.900024,1331.900024,139,gold
6/13/2019,1331.599976,1341.099976,1331.599976,1339.199951,1339.199951,157,gold
6/14/2019,1345.400024,1355.400024,1339.300049,1340.099976,1340.099976,914,gold
6/17/2019,1339,1340.300049,1335,1338.699951,1338.699951,76,gold
6/18/2019,1349.300049,1349.300049,1341.599976,1346.599976,1346.599976,29,gold
6/19/2019,1344,1344.599976,1344,1344.599976,1344.599976,129,gold
6/20/2019,1381.5,1392.900024,1379.5,1392.900024,1392.900024,76,gold
6/21/2019,1406,1406,1390.300049,1396.199951,1396.199951,35,gold
6/24/2019,1406,1420.599976,1402.099976,1414.300049,1414.300049,125,gold
6/25/2019,1418.099976,1433.300049,1414.900024,1414.900024,1414.900024,105,gold
6/26/2019,1407.199951,1413.300049,1405.800049,1411.599976,1411.599976,1333,gold
6/27/2019,1407,1410.800049,1399.800049,1408.400024,1408.400024,437,gold
6/28/2019,1408.300049,1422,1408.300049,1409.699951,1409.699951,356,gold
7/1/2019,1386.599976,1395.800049,1382.800049,1385.599976,1385.599976,214,gold
7/2/2019,1391.099976,1418.400024,1390.800049,1404.599976,1404.599976,38,gold
7/3/2019,null,null,null,null,null,null,gold
7/5/2019,1418.300049,1418.300049,1390.199951,1396.699951,1396.699951,20,gold
7/8/2019,1395.900024,1397,1393.599976,1397,1397,14,gold
7/9/2019,1394.5,1397.5,1386.199951,1397.5,1397.5,53,gold
7/10/2019,1409.900024,1410.099976,1409.900024,1410.099976,1410.099976,50,gold
7/11/2019,1424,1424,1404.300049,1404.300049,1404.300049,6,gold
7/12/2019,1405.599976,1410.099976,1405.599976,1409.900024,1409.900024,8,gold
7/15/2019,1414.400024,1415,1411.400024,1411.400024,1411.400024,25,gold
7/16/2019,1413.599976,1413.699951,1405,1409.199951,1409.199951,13,gold
7/17/2019,1404.599976,1421.300049,1404.599976,1421.300049,1421.300049,6,gold
7/18/2019,1422.300049,1444.199951,1419.5,1426.099976,1426.099976,66,gold
7/19/2019,1440.5,1442,1425.099976,1425.099976,1425.099976,22,gold
7/22/2019,1425.300049,1425.300049,1424,1425.300049,1425.300049,1,gold
7/23/2019,1418.599976,1421.300049,1416.300049,1420.099976,1420.099976,5,gold
7/24/2019,1422.800049,1422.800049,1422.800049,1422.800049,1422.800049,20,gold
7/25/2019,1413.900024,1413.900024,1413.900024,1413.900024,1413.900024,4,gold
7/26/2019,1422.800049,1423,1418.5,1418.5,1418.5,5,gold
7/29/2019,1419.599976,1419.599976,1419.599976,1419.599976,1419.599976,224267,gold
7/30/2019,1426.300049,1433.900024,1422.099976,1429.699951,1429.699951,73874,gold
7/31/2019,1431.300049,1435.800049,1411.199951,1426.099976,1426.099976,3294,gold
8/1/2019,1411.300049,1445.199951,1400.900024,1420.900024,1420.900024,2431,gold
8/2/2019,1448,1448,1432.300049,1445.599976,1445.599976,1873,gold
8/5/2019,1440.400024,1469.699951,1440.400024,1464.599976,1464.599976,1008,gold
8/6/2019,1469.699951,1475,1457.699951,1472.400024,1472.400024,460,gold
8/7/2019,1473.5,1509.900024,1473.199951,1507.300049,1507.300049,824,gold
8/8/2019,1498.400024,1508.5,1492,1497.699951,1497.699951,367,gold
8/9/2019,1506.199951,1507.5,1495.599976,1496.599976,1496.599976,74,gold
8/12/2019,1496,1514.900024,1488.099976,1505.300049,1505.300049,257,gold
8/13/2019,1510.400024,1531.400024,1483.699951,1502.199951,1502.199951,672,gold
8/14/2019,1500,1520.5,1497,1515.900024,1515.900024,328,gold
8/15/2019,1519.800049,1522.699951,1510.599976,1519.599976,1519.599976,87,gold
8/16/2019,1524.599976,1524.599976,1504.699951,1512.5,1512.5,1815,gold
8/19/2019,1507.199951,1507.599976,1492.900024,1500.400024,1500.400024,205,gold
8/20/2019,1497.5,1506.099976,1497.5,1504.599976,1504.599976,486,gold
8/21/2019,1504.900024,1505,1498.800049,1504.599976,1504.599976,350,gold
8/22/2019,1495.099976,1497.300049,1493.800049,1497.300049,1497.300049,686,gold
8/23/2019,1493.5,1527.599976,1493.5,1526.599976,1526.599976,983,gold
8/26/2019,1543.199951,1543.300049,1524.300049,1526.300049,1526.300049,334,gold
8/27/2019,1530.5,1542.099976,1528.5,1541,1541,166,gold
8/28/2019,1538.099976,1538.099976,1537.800049,1537.800049,1537.800049,2756,gold
8/29/2019,1537.5,1549.300049,1519.599976,1526.5,1526.5,704,gold
8/30/2019,1524.599976,1530.400024,1516.699951,1519.099976,1519.099976,276,gold
9/3/2019,1522.900024,1547.300049,1521,1545.900024,1545.900024,139,gold
9/4/2019,1549,1553.199951,1534.800049,1550.300049,1550.300049,46,gold
9/5/2019,1551,1551.099976,1511.099976,1515.400024,1515.400024,125,gold
9/6/2019,1517.300049,1526,1504.5,1506.199951,1506.199951,54,gold
9/9/2019,1509,1513,1498,1502.199951,1502.199951,69,gold
9/10/2019,1498.5,1498.5,1486.900024,1490.300049,1490.300049,23,gold
9/11/2019,1491.699951,1496.599976,1490.199951,1494.400024,1494.400024,8,gold
9/12/2019,1499.5,1515.400024,1498.699951,1498.699951,1498.699951,27,gold
9/13/2019,1490.900024,1490.900024,1486.900024,1490.900024,1490.900024,1,gold
9/16/2019,1506.599976,1506.800049,1496.900024,1503.099976,1503.099976,21,gold
9/17/2019,1497.900024,1505.099976,1497.900024,1505.099976,1505.099976,3,gold
9/18/2019,1508.900024,1509.400024,1489.300049,1507.5,1507.5,8,gold
9/19/2019,1496.099976,1502.400024,1496.099976,1498.400024,1498.400024,10,gold
9/20/2019,1503,1507.300049,1503,1507.300049,1507.300049,2,gold
9/23/2019,1515.5,1523.699951,1515.5,1523.699951,1523.699951,5,gold
9/24/2019,1515.099976,1533,1515.099976,1532.099976,1532.099976,25,gold
9/25/2019,1527.599976,1527.900024,1504.599976,1504.599976,1504.599976,25,gold
9/26/2019,1507.5,1507.5,1507.5,1507.5,1507.5,8178,gold
9/27/2019,1504.199951,1506.099976,1485.599976,1499.099976,1499.099976,7827,gold
9/30/2019,1495.900024,1495.900024,1463.5,1465.699951,1465.699951,1078,gold
10/1/2019,1468.699951,1485.5,1458.300049,1482,1482,219,gold
10/2/2019,1476.599976,1503.699951,1474.099976,1501,1501,205,gold
10/3/2019,1497.400024,1518.199951,1496.599976,1507.099976,1507.099976,1213,gold
10/4/2019,1505.599976,1508.699951,1497.099976,1506.199951,1506.199951,233,gold
10/7/2019,1504.800049,1505.800049,1489.099976,1497.699951,1497.699951,121,gold
10/8/2019,1489.400024,1506.300049,1489.300049,1497.199951,1497.199951,46,gold
10/9/2019,1507.699951,1507.699951,1498.400024,1506.099976,1506.099976,120,gold
10/10/2019,1511.199951,1511.199951,1490.599976,1494.800049,1494.800049,78,gold
10/11/2019,1491.900024,1494.900024,1476.900024,1482.699951,1482.699951,57,gold
10/14/2019,1484.400024,1493.5,1481.300049,1491.699951,1491.699951,400,gold
10/15/2019,1488.900024,1495.400024,1476.599976,1477.599976,1477.599976,367,gold
10/16/2019,1482,1488,1480,1488,1488,383,gold
10/17/2019,1486.199951,1493.199951,1485.800049,1492.300049,1492.300049,271,gold
10/18/2019,1487.300049,1489.099976,1486.599976,1488.199951,1488.199951,82,gold
10/21/2019,1489.900024,1489.900024,1481.5,1482.400024,1482.400024,72,gold
10/22/2019,1483.400024,1483.5,1481.699951,1481.699951,1481.699951,99,gold
10/23/2019,1486.400024,1490.300049,1486.400024,1489.900024,1489.900024,67,gold
10/24/2019,1490.5,1501.199951,1485.900024,1498.900024,1498.900024,115,gold
10/25/2019,1501.400024,1514.300049,1499,1499.5,1499.5,93,gold
10/28/2019,1504.099976,1504.099976,1490,1490,1490,37,gold
10/29/2019,1485.900024,1487,1485.900024,1487,1487,425,gold
10/30/2019,1487.199951,1495.400024,1481,1493.199951,1493.199951,320,gold
10/31/2019,1496.099976,1513.099976,1496.099976,1511.400024,1511.400024,210,gold
11/1/2019,1511,1511.599976,1503,1508,1508,235,gold
11/4/2019,1511.599976,1511.599976,1508,1508,1508,101,gold
11/5/2019,1507.099976,1507.099976,1480.800049,1480.800049,1480.800049,31,gold
11/6/2019,1483.199951,1491,1483.199951,1490.199951,1490.199951,567,gold
11/7/2019,1489.099976,1489.099976,1464.199951,1464.199951,1464.199951,581,gold
11/8/2019,1469.099976,1469.099976,1461.300049,1461.300049,1461.300049,21,gold
11/11/2019,1461,1461,1449.300049,1455.5,1455.5,22,gold
11/12/2019,1454.900024,1454.900024,1447.099976,1452.099976,1452.099976,6,gold
11/13/2019,1456.800049,1463.300049,1456.800049,1461.699951,1461.699951,56,gold
11/14/2019,1463.800049,1471.800049,1463.699951,1471.800049,1471.800049,83,gold
11/15/2019,1469.099976,1469.099976,1467.300049,1467.300049,1467.300049,13,gold
11/18/2019,1472,1472,1469.699951,1470.900024,1470.900024,141,gold
11/19/2019,1467.699951,1474.300049,1467.699951,1473.300049,1473.300049,18,gold
11/20/2019,1472.599976,1474.5,1467.300049,1473.300049,1473.300049,31,gold
11/21/2019,1463.099976,1463.099976,1463.099976,1463.099976,1463.099976,16,gold
11/22/2019,1468.599976,1468.599976,1463.099976,1463.099976,1463.099976,19,gold
11/25/2019,1457.099976,1457.099976,1455.5,1456.599976,1456.599976,14,gold
11/26/2019,1459.800049,1459.800049,1459.800049,1459.800049,1459.800049,346362,gold
11/27/2019,1461.099976,1461.900024,1452,1453.400024,1453.400024,88364,gold
11/29/2019,null,null,null,null,null,null,gold
12/2/2019,1462.800049,1464.400024,1453.300049,1462.300049,1462.300049,2172,gold
12/3/2019,1461.599976,1480.400024,1459.5,1478.199951,1478.199951,1460,gold
12/4/2019,1477.5,1483.400024,1471.199951,1474,1474,613,gold
12/5/2019,1474.699951,1478,1472.300049,1476.900024,1476.900024,907,gold
12/6/2019,1475,1476,1458.199951,1459.099976,1459.099976,899,gold
12/9/2019,1458.800049,1464.199951,1458.599976,1459.300049,1459.300049,1461,gold
12/10/2019,1460.699951,1467.199951,1460.699951,1462.599976,1462.599976,367,gold
12/11/2019,1463.099976,1475.400024,1463.099976,1469.400024,1469.400024,393,gold
12/12/2019,1475.099976,1483.900024,1463.699951,1466.699951,1466.699951,955,gold
12/13/2019,1463.099976,1475.900024,1463.099976,1475.599976,1475.599976,468,gold
12/16/2019,1473.800049,1475.300049,1473.800049,1475,1475,99,gold
12/17/2019,1474.099976,1476.900024,1474,1474.599976,1474.599976,410,gold
12/18/2019,1472.599976,1472.599976,1472.599976,1472.599976,1472.599976,250,gold
12/19/2019,1475.900024,1478.900024,1473.300049,1478.199951,1478.199951,319,gold
12/20/2019,1476.699951,1478.099976,1474.699951,1474.699951,1474.699951,118,gold
12/23/2019,1482.300049,1482.5,1479.900024,1482.5,1482.5,391,gold
12/24/2019,null,null,null,null,null,null,gold
12/26/2019,1505.199951,1512.300049,1505,1509.300049,1509.300049,126,gold
12/27/2019,1513.800049,1513.800049,1513.800049,1513.800049,1513.800049,839,gold
12/30/2019,1512.599976,1515.099976,1510,1514.5,1514.5,446,gold
12/31/2019,1513.800049,1523.400024,1513.800049,1519.5,1519.5,301,gold
1/2/2020,1518.099976,1528.699951,1518,1524.5,1524.5,214,gold
1/3/2020,1530.099976,1552.699951,1530.099976,1549.199951,1549.199951,107,gold
1/6/2020,1580,1580,1560.400024,1566.199951,1566.199951,416,gold
1/7/2020,1558.300049,1576.300049,1558.300049,1571.800049,1571.800049,47,gold
1/8/2020,1579.699951,1604.199951,1552.300049,1557.400024,1557.400024,236,gold
1/9/2020,1555.699951,1555.699951,1543.300049,1551.699951,1551.699951,54,gold
1/10/2020,1551.199951,1558.800049,1545.400024,1557.5,1557.5,16,gold
1/13/2020,1557.400024,1558,1548.400024,1548.400024,1548.400024,48,gold
1/14/2020,1546.699951,1546.699951,1534.900024,1542.400024,1542.400024,32,gold
1/15/2020,1548,1553.900024,1545.599976,1552.099976,1552.099976,11,gold
1/16/2020,1555.699951,1556.099976,1548.5,1549,1549,98,gold
1/17/2020,1554.099976,1558.800049,1553.599976,1558.800049,1558.800049,108,gold
1/21/2020,1559.300049,1566.199951,1551,1556.400024,1556.400024,45,gold
1/22/2020,1549.800049,1557.099976,1549.800049,1555.300049,1555.300049,42,gold
1/23/2020,1553.099976,1564.599976,1552.199951,1564.599976,1564.599976,15,gold
1/24/2020,1556.300049,1571.099976,1556.300049,1571.099976,1571.099976,43,gold
1/27/2020,1584.300049,1584.5,1576.800049,1576.800049,1576.800049,22,gold
1/28/2020,1576.400024,1576.400024,1569.199951,1569.199951,1569.199951,3,gold
1/29/2020,1569.800049,1569.800049,1569.800049,1569.800049,1569.800049,251274,gold
1/30/2020,1576.800049,1585,1571.400024,1583.5,1583.5,62336,gold
1/31/2020,1573.400024,1589,1570,1582.900024,1582.900024,1095,gold
2/3/2020,1592.900024,1593.300049,1568.199951,1577.199951,1577.199951,1062,gold
2/4/2020,1577.699951,1577.699951,1547.800049,1550.400024,1550.400024,978,gold
2/5/2020,1553.199951,1560.699951,1547.699951,1557.800049,1557.800049,1305,gold
2/6/2020,1553.599976,1565.599976,1551.599976,1565.099976,1565.099976,110,gold
2/7/2020,1564.900024,1571.900024,1560.5,1568.599976,1568.599976,431,gold
2/10/2020,1569.300049,1574.699951,1568.599976,1574.699951,1574.699951,128,gold
2/11/2020,1570.900024,1571.099976,1561.900024,1565.599976,1565.599976,440,gold
2/12/2020,1565.199951,1568.699951,1561,1567.400024,1567.400024,36,gold
2/13/2020,1570.199951,1575.099976,1570.199951,1575.099976,1575.099976,74,gold
2/14/2020,1575.800049,1582.699951,1574.800049,1582.699951,1582.699951,68,gold
2/18/2020,1579.800049,1604.300049,1579.800049,1600,1600,310,gold
2/19/2020,1600.599976,1610.5,1599.699951,1607.5,1607.5,542,gold
2/20/2020,1606.5,1621,1603,1616.599976,1616.599976,117,gold
2/21/2020,1619.300049,1645,1619.300049,1644.599976,1644.599976,186,gold
2/24/2020,1657,1686.599976,1650,1672.400024,1672.400024,435,gold
2/25/2020,1645.099976,1653.699951,1632.300049,1646.900024,1646.900024,409,gold
2/26/2020,1644,1648.099976,1636.400024,1640,1640,1990,gold
2/27/2020,1641.099976,1658,1638.5,1640,1640,707,gold
2/28/2020,1640.300049,1642.5,1564.099976,1564.099976,1564.099976,289,gold
3/2/2020,1583.900024,1608.300049,1574.300049,1592.300049,1592.300049,537,gold
3/3/2020,1594.5,1645.300049,1594,1642.099976,1642.099976,610,gold
3/4/2020,1645.400024,1645.900024,1631.300049,1641.099976,1641.099976,83,gold
3/5/2020,1637.300049,1672.900024,1637.199951,1666.400024,1666.400024,154,gold
3/6/2020,1670.800049,1686.199951,1647.199951,1670.800049,1670.800049,175,gold
3/9/2020,1696.099976,1701.599976,1657.699951,1674.5,1674.5,161,gold
3/10/2020,1671.599976,1674.599976,1643,1659.099976,1659.099976,48,gold
3/11/2020,1656.599976,1666.5,1635,1641.400024,1641.400024,47,gold
3/12/2020,1637,1647.5,1566.400024,1589.300049,1589.300049,256,gold
3/13/2020,1574.900024,1589.800049,1513.800049,1515.699951,1515.699951,89,gold
3/16/2020,1569.099976,1569.099976,1452.099976,1485.900024,1485.900024,193,gold
3/17/2020,1469.300049,1537.699951,1469.300049,1524.900024,1524.900024,122,gold
3/18/2020,1537.5,1542,1477.300049,1477.300049,1477.300049,333,gold
3/19/2020,1481.5,1491.599976,1471,1478.599976,1478.599976,262,gold
3/20/2020,1483.5,1484,1483.5,1484,1484,14,gold
3/23/2020,1505.300049,1567,1490.199951,1567,1567,51,gold
3/24/2020,1592.699951,1685.5,1592.699951,1660.199951,1660.199951,442,gold
3/25/2020,1676.5,1676.5,1631.099976,1632.300049,1632.300049,476,gold
3/26/2020,1660.5,1660.5,1650.099976,1650.099976,1650.099976,3,gold
3/27/2020,1623.900024,1623.900024,1623.900024,1623.900024,1623.900024,100638,gold
3/30/2020,1641.199951,1652.800049,1607.199951,1622,1622,16389,gold
3/31/2020,1618.699951,1621,1576,1583.400024,1583.400024,2874,gold
4/1/2020,1570,1600,1570,1578.199951,1578.199951,2158,gold
4/2/2020,1590.900024,1631.199951,1586,1625.699951,1625.699951,1294,gold
4/3/2020,1624.5,1636,1619.800049,1633.699951,1633.699951,643,gold
4/6/2020,1629.099976,1696.699951,1625.900024,1677,1677,1063,gold
4/7/2020,1695.699951,1724.400024,1658,1664.800049,1664.800049,1144,gold
4/8/2020,1669.699951,1677,1662.5,1665.400024,1665.400024,747,gold
4/9/2020,1662.699951,1736.199951,1662.699951,1736.199951,1736.199951,825,gold
4/13/2020,1722,1756.800049,1710.699951,1744.800049,1744.800049,696,gold
4/14/2020,1756.800049,1775,1739.5,1756.699951,1756.699951,675,gold
4/15/2020,1739.400024,1744.900024,1722.699951,1727.199951,1727.199951,642,gold
4/16/2020,1731,1750.599976,1715,1720.400024,1720.400024,162,gold
4/17/2020,1715.699951,1725,1684.900024,1689.199951,1689.199951,223,gold
4/20/2020,1686,1701.599976,1680,1701.599976,1701.599976,106,gold
4/21/2020,1697,1707.099976,1659.900024,1678.199951,1678.199951,666,gold
4/22/2020,1696,1728.699951,1684.800049,1728.699951,1728.699951,453,gold
4/23/2020,1734,1745.099976,1733.300049,1733.300049,1733.300049,482,gold
4/24/2020,1744,1744,1714.5,1723.5,1723.5,221,gold
4/27/2020,1731.900024,1731.900024,1711.900024,1711.900024,1711.900024,169,gold
4/28/2020,1716.599976,1716.599976,1707.099976,1710.5,1710.5,1255,gold
4/29/2020,1710,1713.5,1702,1703.400024,1703.400024,373,gold
4/30/2020,1719.300049,1719.300049,1680.800049,1684.199951,1684.199951,327,gold
5/1/2020,1686.599976,1701.5,1670.5,1694.5,1694.5,337,gold
5/4/2020,1702.599976,1709,1699.599976,1706.900024,1706.900024,320,gold
5/5/2020,1701.5,1704.400024,1697.199951,1704.400024,1704.400024,82,gold
5/6/2020,1704,1704,1684.199951,1684.199951,1684.199951,469,gold
5/7/2020,1686.199951,1721.800049,1685.599976,1721.800049,1721.800049,853,gold
5/8/2020,1726.199951,1728.900024,1703.800049,1709.900024,1709.900024,330,gold
5/11/2020,1702.300049,1704.5,1690.199951,1695.300049,1695.300049,749,gold
5/12/2020,1699.300049,1713.099976,1699.300049,1704.400024,1704.400024,324,gold
5/13/2020,1702,1721.300049,1701.900024,1713.900024,1713.900024,431,gold
5/14/2020,1724.300049,1743.099976,1720.5,1738.099976,1738.099976,672,gold
5/15/2020,1739.699951,1753.400024,1739.699951,1753.400024,1753.400024,719,gold
5/18/2020,1755.699951,1770.5,1731.800049,1731.800049,1731.800049,229,gold
5/19/2020,1744.199951,1749.5,1744.199951,1744.199951,1744.199951,167,gold
5/20/2020,1751.599976,1752.099976,1745.599976,1750.599976,1750.599976,16,gold
5/21/2020,1746.800049,1746.800049,1720.5,1720.5,1720.5,528,gold
5/22/2020,1726.599976,1734.599976,1726.599976,1734.599976,1734.599976,6,gold
5/26/2020,1726.400024,1726.400024,1704.800049,1704.800049,1704.800049,39,gold
5/27/2020,1685.599976,1710.300049,1685.599976,1710.300049,1710.300049,137416,gold
5/28/2020,1709.300049,1727.800049,1705,1713.300049,1713.300049,23355,gold
5/29/2020,1718.800049,1738.300049,1715.099976,1736.900024,1736.900024,1526,gold
6/1/2020,1740.400024,1747,1727.099976,1737.800049,1737.800049,871,gold
6/2/2020,1743,1745.5,1721.800049,1725.199951,1725.199951,741,gold
6/3/2020,1726.300049,1726.300049,1684.5,1697.800049,1697.800049,2755,gold
6/4/2020,1694.5,1718.900024,1694.5,1718.900024,1718.900024,807,gold
6/5/2020,1711.800049,1711.800049,1668.599976,1676.199951,1676.199951,1502,gold
6/8/2020,1679.099976,1699.400024,1675.900024,1698.300049,1698.300049,587,gold
6/9/2020,1694.599976,1720.900024,1692,1714.699951,1714.699951,690,gold
6/10/2020,1716.099976,1740.800049,1711.900024,1713.300049,1713.300049,718,gold
6/11/2020,1737.199951,1744.099976,1720,1732,1732,347,gold
6/12/2020,1724.900024,1743,1724.900024,1729.300049,1729.300049,318,gold
6/15/2020,1730,1730,1703.300049,1720.300049,1720.300049,188,gold
6/16/2020,1726.300049,1729.599976,1722.400024,1729.599976,1729.599976,22,gold
6/17/2020,1714.699951,1729.199951,1714.699951,1729.199951,1729.199951,51,gold
6/18/2020,1730.5,1734.099976,1717.300049,1724.800049,1724.800049,110,gold
6/19/2020,1723.699951,1750.699951,1723.5,1745.900024,1745.900024,1329,gold
6/22/2020,1755.199951,1767.599976,1750.5,1756.699951,1756.699951,1356,gold
6/23/2020,1755.400024,1776.300049,1754.199951,1772.099976,1772.099976,666,gold
6/24/2020,1778.300049,1783.099976,1764.5,1765.800049,1765.800049,961,gold
6/25/2020,1761.699951,1764.800049,1759.800049,1762.099976,1762.099976,207,gold
6/26/2020,1766,1772.5,1764.699951,1772.5,1772.5,640,gold
6/29/2020,1779.800049,1780.199951,1774.300049,1774.800049,1774.800049,584,gold
6/30/2020,1777.300049,1793.199951,1774.400024,1793,1793,986,gold
7/1/2020,1793.599976,1798,1765.800049,1773.199951,1773.199951,331,gold
7/2/2020,1773.400024,1784,1768.699951,1784,1784,215,gold
7/6/2020,1788.199951,1790.099976,1788.199951,1788.5,1788.5,172,gold
7/7/2020,1789.300049,1804.199951,1783.300049,1804.199951,1804.199951,751,gold
7/8/2020,1801.5,1817.900024,1801.5,1815.5,1815.5,209,gold
7/9/2020,1816.099976,1819.800049,1799.199951,1799.199951,1799.199951,396,gold
7/10/2020,1805.5,1805.5,1797.699951,1798.199951,1798.199951,236,gold
7/13/2020,1805,1811,1805,1811,1811,164,gold
7/14/2020,1791,1811.5,1791,1810.599976,1810.599976,339,gold
7/15/2020,1806.099976,1813.5,1806.099976,1811.400024,1811.400024,167,gold
7/16/2020,1810.900024,1810.900024,1794.300049,1798.699951,1798.699951,146,gold
7/17/2020,1798.5,1810.099976,1798.5,1808.300049,1808.300049,24,gold
7/20/2020,1807,1817.300049,1807,1815.900024,1815.900024,89,gold
7/21/2020,1822,1842.400024,1822,1842.400024,1842.400024,117,gold
7/22/2020,1858.099976,1867,1854.699951,1864.099976,1864.099976,213,gold
7/23/2020,1868.699951,1890.300049,1868.5,1889.099976,1889.099976,133,gold
7/24/2020,1884.300049,1897.300049,1884.300049,1897.300049,1897.300049,474,gold
7/27/2020,1901.699951,1938,1901.5,1931,1931,364,gold
7/28/2020,1931.5,1944.699951,1928.599976,1944.699951,1944.699951,825,gold
7/29/2020,1953.199951,1953.5,1952.599976,1953.5,1953.5,209835,gold
7/30/2020,1963.400024,1965.099976,1930,1942.300049,1942.300049,28853,gold
7/31/2020,1948.599976,1981.099976,1948,1962.800049,1962.800049,2914,gold
8/3/2020,1984.300049,1984.300049,1955.5,1966,1966,683,gold
8/4/2020,1971,2016.199951,1968.800049,2001.199951,2001.199951,2010,gold
8/5/2020,2024,2050.199951,2011,2031.099976,2031.099976,1422,gold
8/6/2020,2045.5,2063,2040,2051.5,2051.5,294,gold
8/7/2020,2040.099976,2055,2009.599976,2010.099976,2010.099976,808,gold
8/10/2020,2026.400024,2043.800049,2017.5,2024.400024,2024.400024,233,gold
8/11/2020,2012.400024,2016,1904,1932.599976,1932.599976,971,gold
8/12/2020,1923,1946.599976,1871.599976,1934.900024,1934.900024,404,gold
8/13/2020,1921.5,1957.400024,1916.900024,1956.699951,1956.699951,71,gold
8/14/2020,1938.699951,1947.400024,1937,1937,1937,201,gold
8/17/2020,1949.599976,1985,1949.599976,1985,1985,97,gold
8/18/2020,2001.099976,2002.800049,1972.099976,1999.400024,1999.400024,92,gold
8/19/2020,1980,1980,1938.699951,1958.699951,1958.699951,347,gold
8/20/2020,1941.199951,1948.300049,1922.300049,1933.800049,1933.800049,106,gold
8/21/2020,1941,1945,1908.900024,1934.599976,1934.599976,184,gold
8/24/2020,1930.199951,1940,1922.199951,1927.699951,1927.699951,85,gold
8/25/2020,1927.5,1928.5,1911.800049,1911.800049,1911.800049,176,gold
8/26/2020,1909.699951,1950.800049,1909.699951,1940.699951,1940.699951,287,gold
8/27/2020,1948.900024,1972.5,1921.599976,1921.599976,1921.599976,2303,gold
8/28/2020,1927.099976,1971.300049,1922.5,1964.599976,1964.599976,778,gold
8/31/2020,1970,1971.300049,1953.300049,1967.599976,1967.599976,158,gold
9/1/2020,1961.699951,1986.300049,1961.699951,1968.199951,1968.199951,186,gold
9/2/2020,1967.300049,1967.300049,1934.400024,1934.400024,1934.400024,71,gold
9/3/2020,1937.099976,1938.800049,1923,1927.599976,1927.599976,179,gold
9/4/2020,1927.900024,1939.699951,1917.699951,1923.900024,1923.900024,607,gold
9/8/2020,1930.900024,1937.900024,1903.099976,1933,1933,271,gold
9/9/2020,1926.900024,1946.199951,1924.599976,1944.699951,1944.699951,219,gold
9/10/2020,1944.099976,1962.699951,1944.099976,1954.199951,1954.199951,722,gold
9/11/2020,1944,1949.5,1937.800049,1937.800049,1937.800049,73,gold
9/14/2020,1946.300049,1953.099976,1943,1953.099976,1953.099976,55,gold
9/15/2020,1955.800049,1968.5,1955.800049,1956.300049,1956.300049,74,gold
9/16/2020,1961.300049,1961.400024,1956.699951,1960.199951,1960.199951,124,gold
9/17/2020,1939,1946,1933.699951,1940,1940,67,gold
9/18/2020,1950.5,1952.099976,1949,1952.099976,1952.099976,38,gold
9/21/2020,1946.199951,1946.199951,1883.400024,1901.199951,1901.199951,52,gold
9/22/2020,1913.099976,1913.099976,1898.599976,1898.599976,1898.599976,331,gold
9/23/2020,1875.5,1875.5,1859.900024,1859.900024,1859.900024,5,gold
9/24/2020,1851.5,1868.300049,1851.5,1868.300049,1868.300049,365,gold
9/25/2020,1856.300049,1857.699951,1856.300049,1857.699951,1857.699951,4,gold
9/28/2020,1872.800049,1872.800049,1872.800049,1872.800049,1872.800049,10455,gold
9/29/2020,1876.5,1895.400024,1872.400024,1894.300049,1894.300049,3283,gold
9/30/2020,1893,1899.699951,1879.800049,1887.5,1887.5,600,gold
10/1/2020,1884.099976,1909.599976,1882.5,1908.400024,1908.400024,730,gold
10/2/2020,1893.900024,1913,1893.900024,1900.199951,1900.199951,530,gold
10/5/2020,1898.900024,1915.599976,1884.699951,1912.5,1912.5,1360,gold
10/6/2020,1906.599976,1918,1874.400024,1901.099976,1901.099976,968,gold
10/7/2020,1874.099976,1889.800049,1873.099976,1883.599976,1883.599976,50,gold
10/8/2020,1893,1893,1882.699951,1888.599976,1888.599976,348,gold
10/9/2020,1909.300049,1929.099976,1905.099976,1919.5,1919.5,580,gold
10/12/2020,1924,1926.5,1921.599976,1922.5,1922.5,96,gold
10/13/2020,1921.900024,1922.199951,1887,1888.5,1888.5,191,gold
10/14/2020,1889.699951,1910.800049,1882.5,1901.300049,1901.300049,33,gold
10/15/2020,1897.300049,1906.300049,1889.599976,1903.199951,1903.199951,254,gold
10/16/2020,1898.5,1900.800049,1898.5,1900.800049,1900.800049,53,gold
10/19/2020,1907.300049,1907.800049,1899.5,1906.400024,1906.400024,43,gold
10/20/2020,1901.300049,1910.400024,1896.099976,1910.400024,1910.400024,329,gold
10/21/2020,1913.599976,1927.300049,1913.599976,1924.599976,1924.599976,1202,gold
10/22/2020,1924.300049,1924.300049,1898.199951,1901.099976,1901.099976,899,gold
10/23/2020,1899.900024,1913.300049,1896.199951,1902,1902,287,gold
10/26/2020,1895.5,1907,1893.5,1902.699951,1902.699951,242,gold
10/27/2020,1904.599976,1908.800049,1904.400024,1908.800049,1908.800049,176,gold
10/28/2020,1870.900024,1876.199951,1870.900024,1876.199951,1876.199951,277,gold
10/29/2020,1876.099976,1879.800049,1858.800049,1865.599976,1865.599976,240,gold
10/30/2020,1862.800049,1886.599976,1862.800049,1877.400024,1877.400024,725,gold
11/2/2020,1872.900024,1894.699951,1872.900024,1890.400024,1890.400024,190,gold
11/3/2020,1891.5,1908.5,1891.5,1908.5,1908.5,712,gold
11/4/2020,1893.800049,1907,1885.300049,1894.599976,1894.599976,782,gold
11/5/2020,1901.699951,1948,1901.699951,1945.300049,1945.300049,135,gold
11/6/2020,1940.800049,1958.800049,1940.800049,1950.300049,1950.300049,304,gold
11/9/2020,1955.599976,1963.199951,1847.099976,1853.199951,1853.199951,745,gold
11/10/2020,1879.300049,1885.300049,1871.199951,1875.400024,1875.400024,276,gold
11/11/2020,1878.800049,1878.800049,1855.5,1860.699951,1860.699951,222,gold
11/12/2020,1869,1878.5,1866.599976,1872.599976,1872.599976,220,gold
11/13/2020,1877,1890.099976,1876.800049,1885.699951,1885.699951,240,gold
11/16/2020,1874.599976,1887.300049,1871,1887.300049,1887.300049,6,gold
11/17/2020,1888.400024,1888.400024,1884.5,1884.5,1884.5,59,gold
11/18/2020,1873.5,1873.5,1873.5,1873.5,1873.5,152,gold
11/19/2020,1865.800049,1865.800049,1856,1861.099976,1861.099976,59,gold
11/20/2020,1871.199951,1872.599976,1871.199951,1872.599976,1872.599976,1900,gold
11/23/2020,1834.800049,1837.800049,1829.199951,1837.800049,1837.800049,843,gold
11/24/2020,1829.300049,1829.300049,1799.300049,1804.800049,1804.800049,1041,gold
11/25/2020,1801.400024,1805.699951,1801.400024,1805.699951,1805.699951,205754,gold
11/27/2020,null,null,null,null,null,null,gold
11/30/2020,1785,1787.199951,1762.300049,1775.699951,1775.699951,3145,gold
12/1/2020,1775,1815.900024,1774.900024,1814.099976,1814.099976,1859,gold
12/2/2020,1811.300049,1830,1807.800049,1825.699951,1825.699951,771,gold
12/3/2020,1829.199951,1842,1825.300049,1836.800049,1836.800049,1765,gold
12/4/2020,1840.699951,1847.599976,1828.199951,1835.900024,1835.900024,1213,gold
12/7/2020,1836.5,1866.900024,1820.800049,1861.800049,1861.800049,1427,gold
12/8/2020,1863,1875.800049,1861.800049,1870.800049,1870.800049,121,gold
12/9/2020,1867.099976,1867.099976,1827,1834.599976,1834.599976,215,gold
12/10/2020,1833.199951,1849.099976,1828,1833.599976,1833.599976,177,gold
12/11/2020,1838.5,1846,1829.099976,1839.800049,1839.800049,109,gold
12/14/2020,1835.5,1835.699951,1822.699951,1828.699951,1828.699951,258,gold
12/15/2020,1833.5,1853.599976,1833.199951,1852.300049,1852.300049,961,gold
12/16/2020,1856.5,1864.699951,1850.5,1856.099976,1856.099976,1090,gold
12/17/2020,1874.199951,1896.199951,1874.199951,1887.199951,1887.199951,414,gold
12/18/2020,1882.400024,1889.5,1882.300049,1885.699951,1885.699951,276,gold
12/21/2020,1884.800049,1908,1869.099976,1879.199951,1879.199951,136,gold
12/22/2020,1882.199951,1882.199951,1861,1866.599976,1866.599976,233,gold
12/23/2020,1867,1878.800049,1864.5,1874.699951,1874.699951,82,gold
12/24/2020,null,null,null,null,null,null,gold
12/28/2020,1895.5,1895.800049,1873.699951,1877.199951,1877.199951,75,gold
12/29/2020,1881.300049,1881.300049,1879.699951,1879.699951,1879.699951,343,gold
12/30/2020,1879.900024,1895.800049,1877.300049,1891,1891,444,gold
12/31/2020,1897,1901.300049,1892.699951,1893.099976,1893.099976,127,gold
1/4/2021,1912.199951,1945.099976,1912.199951,1944.699951,1944.699951,154,gold
1/5/2021,1941.699951,1952.699951,1941.300049,1952.699951,1952.699951,113,gold
1/6/2021,1952,1959.900024,1901.5,1906.900024,1906.900024,331,gold
1/7/2021,1922.599976,1926.699951,1912,1912.300049,1912.300049,122,gold
1/8/2021,1908,1908,1834.099976,1834.099976,1834.099976,60,gold
1/11/2021,1826.5,1849.599976,1826.5,1849.599976,1849.599976,20,gold
1/12/2021,1849,1859.699951,1839.400024,1842.900024,1842.900024,176,gold
1/13/2021,1858,1858.599976,1853.599976,1853.599976,1853.599976,189,gold
1/14/2021,1836.699951,1850.699951,1836.699951,1850.300049,1850.300049,149,gold
1/15/2021,1829.400024,1829.400024,1825,1829.300049,1829.300049,31,gold
1/19/2021,1802,1842.900024,1802,1839.5,1839.5,13,gold
1/20/2021,1847.800049,1866.599976,1844.400024,1865.900024,1865.900024,16,gold
1/21/2021,1865.300049,1868,1865.300049,1865.300049,1865.300049,6,gold
1/22/2021,1854.900024,1855.699951,1852.699951,1855.699951,1855.699951,8,gold
1/25/2021,1864.699951,1864.699951,1851.800049,1854.900024,1854.900024,26,gold
1/26/2021,1855.800049,1855.800049,1850.699951,1850.699951,1850.699951,59,gold
1/27/2021,1844.900024,1844.900024,1844.900024,1844.900024,1844.900024,195540,gold
1/28/2021,1843.400024,1862.900024,1831.5,1837.900024,1837.900024,27283,gold
1/29/2021,1842,1876,1838.699951,1847.300049,1847.300049,1634,gold
2/1/2021,1866.599976,1871.900024,1850,1860.800049,1860.800049,1494,gold
2/2/2021,1859.599976,1861.300049,1827.599976,1830.5,1830.5,1293,gold
2/3/2021,1834.800049,1842.400024,1829.800049,1832.199951,1832.199951,1195,gold
2/4/2021,1832.199951,1832.199951,1782.800049,1788.900024,1788.900024,2375,gold
2/5/2021,1794.300049,1813.5,1790.900024,1810.900024,1810.900024,1278,gold
2/8/2021,1816.300049,1836.699951,1809,1831.900024,1831.900024,254,gold
2/9/2021,1841.900024,1843.300049,1830.699951,1835.300049,1835.300049,184,gold
2/10/2021,1842.599976,1851.099976,1837,1840.599976,1840.599976,543,gold
2/11/2021,1840.5,1845,1820.900024,1824.900024,1824.900024,602,gold
2/12/2021,1825,1827.5,1809.199951,1821.599976,1821.599976,259,gold
2/16/2021,1820.900024,1823.400024,1787.300049,1797.199951,1797.199951,1141,gold
2/17/2021,1785.800049,1789.699951,1768.800049,1771.099976,1771.099976,614,gold
2/18/2021,1776.099976,1784.599976,1766,1773.400024,1773.400024,587,gold
2/19/2021,1764.300049,1787.599976,1764.300049,1775.800049,1775.800049,118,gold
2/22/2021,1784,1807.800049,1784,1806.699951,1806.699951,165,gold
2/23/2021,1809.599976,1811.300049,1796.400024,1804.400024,1804.400024,569,gold
2/24/2021,1805.800049,1805.800049,1796.400024,1796.400024,1796.400024,1500,gold
2/25/2021,1801.5,1802,1766.699951,1774.400024,1774.400024,1049,gold
2/26/2021,1768.099976,1768.199951,1718.800049,1728.099976,1728.099976,1593,gold
3/1/2021,1737.099976,1747,1720.300049,1722.5,1722.5,407,gold
3/2/2021,1709.400024,1733.099976,1708.699951,1733.099976,1733.099976,867,gold
3/3/2021,1730,1732.400024,1703.5,1715.300049,1715.300049,501,gold
3/4/2021,1706.5,1717.400024,1700.199951,1700.199951,1700.199951,521,gold
3/5/2021,1690.599976,1701,1685,1698,1698,302,gold
3/8/2021,1704.699951,1705.400024,1673.699951,1677.699951,1677.699951,1290,gold
3/9/2021,1686.199951,1717.5,1685.199951,1716.599976,1716.599976,335,gold
3/10/2021,1713.599976,1722.900024,1711,1721.5,1721.5,412,gold
3/11/2021,1725.599976,1737.5,1720.199951,1722.300049,1722.300049,18,gold
3/12/2021,1715.900024,1722.5,1699,1719.5,1719.5,80,gold
3/15/2021,1729.5,1731.900024,1722.800049,1728.900024,1728.900024,147,gold
3/16/2021,1732.300049,1733.900024,1726,1730.599976,1730.599976,729,gold
3/17/2021,1735.300049,1750.099976,1725.599976,1726.800049,1726.800049,488,gold
3/18/2021,1745.800049,1750.300049,1721.800049,1732.199951,1732.199951,138,gold
3/19/2021,1742.199951,1742.199951,1733.599976,1741.400024,1741.400024,13,gold
3/22/2021,1737.800049,1737.800049,1737.800049,1737.800049,1737.800049,51,gold
3/23/2021,1724.699951,1724.699951,1724.699951,1724.699951,1724.699951,6,gold
3/24/2021,1727.5,1732.900024,1727.5,1732.900024,1732.900024,26,gold
3/25/2021,1732.699951,1733.199951,1724.5,1724.900024,1724.900024,15,gold
3/26/2021,1721.300049,1732.199951,1721.300049,1732.199951,1732.199951,33,gold
3/29/2021,1712.099976,1712.099976,1712.099976,1712.099976,1712.099976,135457,gold
3/30/2021,1711,1712.599976,1676.5,1683.900024,1683.900024,25316,gold
3/31/2021,1683.699951,1713.800049,1676.5,1713.800049,1713.800049,762,gold
