Date,Open,High,Low,Close*,Adj Close**,Volume
2018-04-02,"2,633.45","2,638.30","2,553.80","2,581.88","2,581.88","3,598,520,000"
2018-04-03,"2,592.17","2,619.14","2,575.49","2,614.45","2,614.45","3,392,810,000"
2018-04-04,"2,584.04","2,649.86","2,573.61","2,644.69","2,644.69","3,350,340,000"
2018-04-05,"2,657.36","2,672.08","2,649.58","2,662.84","2,662.84","3,178,970,000"
2018-04-06,"2,645.82","2,656.88","2,586.27","2,604.47","2,604.47","3,299,700,000"
2018-04-09,"2,617.18","2,653.55","2,610.79","2,613.16","2,613.16","3,062,960,000"
2018-04-10,"2,638.41","2,665.45","2,635.78","2,656.87","2,656.87","3,543,930,000"
2018-04-11,"2,643.89","2,661.43","2,639.25","2,642.19","2,642.19","3,020,760,000"
2018-04-12,"2,653.83","2,674.72","2,653.83","2,663.99","2,663.99","3,021,320,000"
2018-04-13,"2,676.90","2,680.26","2,645.05","2,656.30","2,656.30","2,960,910,000"
2018-04-16,"2,670.10","2,686.49","2,665.16","2,677.84","2,677.84","3,019,700,000"
2018-04-17,"2,692.74","2,713.34","2,692.05","2,706.39","2,706.39","3,234,360,000"
2018-04-18,"2,710.11","2,717.49","2,703.63","2,708.64","2,708.64","3,383,410,000"
2018-04-19,"2,701.16","2,702.84","2,681.90","2,693.13","2,693.13","3,349,370,000"
2018-04-20,"2,692.56","2,693.94","2,660.61","2,670.14","2,670.14","3,388,590,000"
2018-04-23,"2,675.40","2,682.86","2,657.99","2,670.29","2,670.29","3,017,480,000"
2018-04-24,"2,680.80","2,683.55","2,617.32","2,634.56","2,634.56","3,706,740,000"
2018-04-25,"2,634.92","2,645.30","2,612.67","2,639.40","2,639.40","3,499,440,000"
2018-04-26,"2,651.65","2,676.48","2,647.16","2,666.94","2,666.94","3,665,720,000"
2018-04-27,"2,675.47","2,677.35","2,659.01","2,669.91","2,669.91","3,219,030,000"
2018-04-30,"2,682.51","2,682.87","2,648.04","2,648.05","2,648.05","3,734,530,000"
2018-05-01,"2,642.96","2,655.27","2,625.41","2,654.80","2,654.80","3,559,850,000"
2018-05-02,"2,654.24","2,660.87","2,631.70","2,635.67","2,635.67","4,010,770,000"
2018-05-03,"2,628.08","2,637.14","2,594.62","2,629.73","2,629.73","3,851,470,000"
2018-05-04,"2,621.45","2,670.93","2,615.32","2,663.42","2,663.42","3,327,220,000"
2018-05-07,"2,680.34","2,683.35","2,664.70","2,672.63","2,672.63","3,237,960,000"
2018-05-08,"2,670.26","2,676.34","2,655.20","2,671.92","2,671.92","3,717,570,000"
2018-05-09,"2,678.12","2,701.27","2,674.14","2,697.79","2,697.79","3,909,500,000"
2018-05-10,"2,705.02","2,726.11","2,704.54","2,723.07","2,723.07","3,333,050,000"
2018-05-11,"2,722.70","2,732.86","2,717.45","2,727.72","2,727.72","2,862,700,000"
2018-05-14,"2,738.47","2,742.10","2,725.47","2,730.13","2,730.13","2,972,660,000"
2018-05-15,"2,718.59","2,718.59","2,701.91","2,711.45","2,711.45","3,290,680,000"
2018-05-16,"2,712.62","2,727.76","2,712.17","2,722.46","2,722.46","3,202,670,000"
2018-05-17,"2,719.71","2,731.96","2,711.36","2,720.13","2,720.13","3,475,400,000"
2018-05-18,"2,717.35","2,719.50","2,709.18","2,712.97","2,712.97","3,368,690,000"
2018-05-21,"2,735.39","2,739.19","2,725.70","2,733.01","2,733.01","3,019,890,000"
2018-05-22,"2,738.34","2,742.24","2,721.88","2,724.44","2,724.44","3,366,310,000"
2018-05-23,"2,713.98","2,733.33","2,709.54","2,733.29","2,733.29","3,326,290,000"
2018-05-24,"2,730.94","2,731.97","2,707.38","2,727.76","2,727.76","3,256,030,000"
2018-05-25,"2,723.60","2,727.36","2,714.99","2,721.33","2,721.33","2,995,260,000"
2018-05-29,"2,705.11","2,710.67","2,676.81","2,689.86","2,689.86","3,736,890,000"
2018-05-30,"2,702.43","2,729.34","2,702.43","2,724.01","2,724.01","3,561,050,000"
2018-05-31,"2,720.98","2,722.50","2,700.68","2,705.27","2,705.27","4,235,370,000"
2018-06-01,"2,718.70","2,736.93","2,718.70","2,734.62","2,734.62","3,684,130,000"
2018-06-04,"2,741.67","2,749.16","2,740.54","2,746.87","2,746.87","3,376,510,000"
2018-06-05,"2,748.46","2,752.61","2,739.51","2,748.80","2,748.80","3,517,790,000"
2018-06-06,"2,753.25","2,772.39","2,748.46","2,772.35","2,772.35","3,651,640,000"
2018-06-07,"2,774.84","2,779.90","2,760.16","2,770.37","2,770.37","3,711,330,000"
2018-06-08,"2,765.84","2,779.39","2,763.59","2,779.03","2,779.03","3,123,210,000"
2018-06-11,"2,780.18","2,790.21","2,780.17","2,782.00","2,782.00","3,232,330,000"
2018-06-12,"2,785.60","2,789.80","2,778.78","2,786.85","2,786.85","3,401,010,000"
2018-06-13,"2,787.94","2,791.47","2,774.65","2,775.63","2,775.63","3,779,230,000"
2018-06-14,"2,783.21","2,789.06","2,776.52","2,782.49","2,782.49","3,526,890,000"
2018-06-15,"2,777.78","2,782.81","2,761.73","2,779.66","2,779.66","5,428,790,000"
2018-06-18,"2,765.79","2,774.99","2,757.12","2,773.75","2,773.75","3,287,150,000"
2018-06-19,"2,752.01","2,765.05","2,743.19","2,762.59","2,762.59","3,661,470,000"
2018-06-20,"2,769.73","2,774.86","2,763.91","2,767.32","2,767.32","3,327,600,000"
2018-06-21,"2,769.28","2,769.28","2,744.39","2,749.76","2,749.76","3,300,060,000"
2018-06-22,"2,760.79","2,764.17","2,752.68","2,754.88","2,754.88","5,450,550,000"
2018-06-25,"2,742.94","2,742.94","2,698.67","2,717.07","2,717.07","3,655,080,000"
2018-06-26,"2,722.12","2,732.91","2,715.60","2,723.06","2,723.06","3,555,090,000"
2018-06-27,"2,728.45","2,746.09","2,699.38","2,699.63","2,699.63","3,776,090,000"
2018-06-28,"2,698.69","2,724.34","2,691.99","2,716.31","2,716.31","3,428,140,000"
2018-06-29,"2,727.13","2,743.26","2,718.03","2,718.37","2,718.37","3,565,620,000"
2018-07-02,"2,704.95","2,727.26","2,698.95","2,726.71","2,726.71","3,073,650,000"
2018-07-03,"2,733.27","2,736.58","2,711.16","2,713.22","2,713.22","1,911,470,000"
2018-07-05,"2,724.19","2,737.83","2,716.02","2,736.61","2,736.61","2,953,420,000"
2018-07-06,"2,737.68","2,764.41","2,733.52","2,759.82","2,759.82","2,554,780,000"
2018-07-09,"2,775.62","2,784.65","2,770.73","2,784.17","2,784.17","3,050,040,000"
2018-07-10,"2,788.56","2,795.58","2,786.24","2,793.84","2,793.84","3,063,850,000"
2018-07-11,"2,779.82","2,785.91","2,770.77","2,774.02","2,774.02","2,964,740,000"
2018-07-12,"2,783.14","2,799.22","2,781.53","2,798.29","2,798.29","2,821,690,000"
2018-07-13,"2,796.93","2,804.53","2,791.69","2,801.31","2,801.31","2,614,000,000"
2018-07-16,"2,797.36","2,801.19","2,793.39","2,798.43","2,798.43","2,812,230,000"
2018-07-17,"2,789.34","2,814.19","2,789.24","2,809.55","2,809.55","3,050,730,000"
2018-07-18,"2,811.35","2,816.76","2,805.89","2,815.62","2,815.62","3,089,780,000"
2018-07-19,"2,809.37","2,812.05","2,799.77","2,804.49","2,804.49","3,266,700,000"
2018-07-20,"2,804.55","2,809.70","2,800.01","2,801.83","2,801.83","3,230,210,000"
2018-07-23,"2,799.17","2,808.61","2,795.14","2,806.98","2,806.98","2,907,430,000"
2018-07-24,"2,820.68","2,829.99","2,811.12","2,820.40","2,820.40","3,417,530,000"
2018-07-25,"2,817.73","2,848.03","2,817.73","2,846.07","2,846.07","3,553,010,000"
2018-07-26,"2,835.49","2,845.57","2,835.26","2,837.44","2,837.44","3,653,330,000"
2018-07-27,"2,842.35","2,843.17","2,808.34","2,818.82","2,818.82","3,415,710,000"
2018-07-30,"2,819.00","2,821.74","2,798.11","2,802.60","2,802.60","3,245,770,000"
2018-07-31,"2,809.73","2,824.46","2,808.06","2,816.29","2,816.29","3,892,100,000"
2018-08-01,"2,821.17","2,825.83","2,805.85","2,813.36","2,813.36","3,496,990,000"
2018-08-02,"2,800.48","2,829.91","2,796.34","2,827.22","2,827.22","3,467,380,000"
2018-08-03,"2,829.62","2,840.38","2,827.37","2,840.35","2,840.35","3,030,390,000"
2018-08-06,"2,840.29","2,853.29","2,835.98","2,850.40","2,850.40","2,874,540,000"
2018-08-07,"2,855.92","2,863.43","2,855.92","2,858.45","2,858.45","3,162,770,000"
2018-08-08,"2,856.79","2,862.44","2,853.09","2,857.70","2,857.70","2,972,200,000"
2018-08-09,"2,857.19","2,862.48","2,851.98","2,853.58","2,853.58","3,047,050,000"
2018-08-10,"2,838.90","2,842.20","2,825.81","2,833.28","2,833.28","3,256,040,000"
2018-08-13,"2,835.46","2,843.40","2,819.88","2,821.93","2,821.93","3,158,450,000"
2018-08-14,"2,827.88","2,843.11","2,826.58","2,839.96","2,839.96","2,976,970,000"
2018-08-15,"2,827.95","2,827.95","2,802.49","2,818.37","2,818.37","3,645,070,000"
2018-08-16,"2,831.44","2,850.49","2,831.44","2,840.69","2,840.69","3,219,880,000"
2018-08-17,"2,838.32","2,855.63","2,833.73","2,850.13","2,850.13","3,024,100,000"
2018-08-20,"2,853.93","2,859.76","2,850.62","2,857.05","2,857.05","2,748,020,000"
2018-08-21,"2,861.51","2,873.23","2,861.32","2,862.96","2,862.96","3,147,140,000"
2018-08-22,"2,860.99","2,867.54","2,856.05","2,861.82","2,861.82","2,689,560,000"
2018-08-23,"2,860.29","2,868.78","2,854.03","2,856.98","2,856.98","2,713,910,000"
2018-08-24,"2,862.35","2,876.16","2,862.35","2,874.69","2,874.69","2,596,190,000"
2018-08-27,"2,884.69","2,898.25","2,884.69","2,896.74","2,896.74","2,854,080,000"
2018-08-28,"2,901.45","2,903.77","2,893.50","2,897.52","2,897.52","2,683,190,000"
2018-08-29,"2,900.62","2,916.50","2,898.40","2,914.04","2,914.04","2,791,860,000"
2018-08-30,"2,908.94","2,912.46","2,895.22","2,901.13","2,901.13","2,802,180,000"
2018-08-31,"2,898.37","2,906.32","2,891.73","2,901.52","2,901.52","2,880,260,000"
2018-09-04,"2,896.96","2,900.18","2,885.13","2,896.72","2,896.72","3,077,060,000"
2018-09-05,"2,891.59","2,894.21","2,876.92","2,888.60","2,888.60","3,241,250,000"
2018-09-06,"2,888.64","2,892.05","2,867.29","2,878.05","2,878.05","3,139,590,000"
2018-09-07,"2,868.26","2,883.81","2,864.12","2,871.68","2,871.68","2,946,270,000"
2018-09-10,"2,881.39","2,886.93","2,875.94","2,877.13","2,877.13","2,731,400,000"
2018-09-11,"2,871.57","2,892.52","2,866.78","2,887.89","2,887.89","2,899,660,000"
2018-09-12,"2,888.29","2,894.65","2,879.20","2,888.92","2,888.92","3,264,930,000"
2018-09-13,"2,896.85","2,906.76","2,896.39","2,904.18","2,904.18","3,254,930,000"
2018-09-14,"2,906.38","2,908.30","2,895.77","2,904.98","2,904.98","3,149,800,000"
2018-09-17,"2,903.83","2,904.65","2,886.16","2,888.80","2,888.80","2,947,760,000"
2018-09-18,"2,890.74","2,911.17","2,890.43","2,904.31","2,904.31","3,074,610,000"
2018-09-19,"2,906.60","2,912.36","2,903.82","2,907.95","2,907.95","3,280,020,000"
2018-09-20,"2,919.73","2,934.80","2,919.73","2,930.75","2,930.75","3,337,730,000"
2018-09-21,"2,936.76","2,940.91","2,927.11","2,929.67","2,929.67","5,607,610,000"
2018-09-24,"2,921.83","2,923.79","2,912.63","2,919.37","2,919.37","3,372,210,000"
2018-09-25,"2,921.75","2,923.95","2,913.70","2,915.56","2,915.56","3,285,480,000"
2018-09-26,"2,916.98","2,931.15","2,903.28","2,905.97","2,905.97","3,388,620,000"
2018-09-27,"2,911.65","2,927.22","2,909.27","2,914.00","2,914.00","3,060,850,000"
2018-09-28,"2,910.03","2,920.53","2,907.50","2,913.98","2,913.98","3,432,300,000"
2018-10-01,"2,926.29","2,937.06","2,917.91","2,924.59","2,924.59","3,364,190,000"
2018-10-02,"2,923.80","2,931.42","2,919.37","2,923.43","2,923.43","3,401,880,000"
2018-10-03,"2,931.69","2,939.86","2,921.36","2,925.51","2,925.51","3,598,710,000"
2018-10-04,"2,919.35","2,919.78","2,883.92","2,901.61","2,901.61","3,496,860,000"
2018-10-05,"2,902.54","2,909.64","2,869.29","2,885.57","2,885.57","3,328,980,000"
2018-10-08,"2,877.53","2,889.45","2,862.08","2,884.43","2,884.43","3,330,320,000"
2018-10-09,"2,882.51","2,894.83","2,874.27","2,880.34","2,880.34","3,520,500,000"
2018-10-10,"2,873.90","2,874.02","2,784.86","2,785.68","2,785.68","4,501,250,000"
2018-10-11,"2,776.87","2,795.14","2,710.51","2,728.37","2,728.37","4,890,630,000"
2018-10-12,"2,770.54","2,775.77","2,729.44","2,767.13","2,767.13","3,966,040,000"
2018-10-15,"2,763.83","2,775.99","2,749.03","2,750.79","2,750.79","3,300,140,000"
2018-10-16,"2,767.05","2,813.46","2,766.91","2,809.92","2,809.92","3,428,340,000"
2018-10-17,"2,811.67","2,816.94","2,781.81","2,809.21","2,809.21","3,321,710,000"
2018-10-18,"2,802.00","2,806.04","2,755.18","2,768.78","2,768.78","3,616,440,000"
2018-10-19,"2,775.66","2,797.77","2,760.27","2,767.78","2,767.78","3,566,490,000"
2018-10-22,"2,773.94","2,778.94","2,749.22","2,755.88","2,755.88","3,307,140,000"
2018-10-23,"2,721.03","2,753.59","2,691.43","2,740.69","2,740.69","4,348,580,000"
2018-10-24,"2,737.87","2,742.59","2,651.89","2,656.10","2,656.10","4,709,310,000"
2018-10-25,"2,674.88","2,722.70","2,667.84","2,705.57","2,705.57","4,634,770,000"
2018-10-26,"2,667.86","2,692.38","2,628.16","2,658.69","2,658.69","4,803,150,000"
2018-10-29,"2,682.65","2,706.85","2,603.54","2,641.25","2,641.25","4,673,700,000"
2018-10-30,"2,640.68","2,685.43","2,635.34","2,682.63","2,682.63","5,106,380,000"
2018-10-31,"2,705.60","2,736.69","2,705.60","2,711.74","2,711.74","5,112,420,000"
2018-11-01,"2,717.58","2,741.67","2,708.85","2,740.37","2,740.37","4,708,420,000"
2018-11-02,"2,745.45","2,756.55","2,700.44","2,723.06","2,723.06","4,237,930,000"
2018-11-05,"2,726.37","2,744.27","2,717.94","2,738.31","2,738.31","3,623,320,000"
2018-11-06,"2,738.40","2,756.82","2,737.08","2,755.45","2,755.45","3,510,860,000"
2018-11-07,"2,774.13","2,815.15","2,774.13","2,813.89","2,813.89","3,914,750,000"
2018-11-08,"2,806.38","2,814.75","2,794.99","2,806.83","2,806.83","3,630,490,000"
2018-11-09,"2,794.10","2,794.10","2,764.24","2,781.01","2,781.01","4,019,090,000"
2018-11-12,"2,773.93","2,775.99","2,722.00","2,726.22","2,726.22","3,670,930,000"
2018-11-13,"2,730.05","2,754.60","2,714.98","2,722.18","2,722.18","4,091,440,000"
2018-11-14,"2,737.90","2,746.80","2,685.75","2,701.58","2,701.58","4,402,370,000"
2018-11-15,"2,693.52","2,735.38","2,670.75","2,730.20","2,730.20","4,179,140,000"
2018-11-16,"2,718.54","2,746.75","2,712.16","2,736.27","2,736.27","3,975,180,000"
2018-11-19,"2,730.74","2,733.16","2,681.09","2,690.73","2,690.73","3,772,900,000"
2018-11-20,"2,654.60","2,669.44","2,631.52","2,641.89","2,641.89","4,357,900,000"
2018-11-21,"2,657.74","2,670.73","2,649.82","2,649.93","2,649.93","3,233,550,000"
2018-11-23,"2,633.36","2,647.55","2,631.09","2,632.56","2,632.56","1,651,650,000"
2018-11-26,"2,649.97","2,674.35","2,649.97","2,673.45","2,673.45","3,443,950,000"
2018-11-27,"2,663.75","2,682.53","2,655.89","2,682.17","2,682.17","3,485,220,000"
2018-11-28,"2,691.45","2,744.00","2,684.38","2,743.79","2,743.79","3,951,670,000"
2018-11-29,"2,736.97","2,753.75","2,722.94","2,737.80","2,737.80","3,560,770,000"
2018-11-30,"2,737.76","2,760.88","2,732.76","2,760.17","2,760.17","4,658,580,000"
2018-12-03,"2,790.50","2,800.18","2,773.38","2,790.37","2,790.37","4,186,060,000"
2018-12-04,"2,782.43","2,785.93","2,697.18","2,700.06","2,700.06","4,499,840,000"
2018-12-06,"2,663.51","2,696.15","2,621.53","2,695.95","2,695.95","5,141,470,000"
2018-12-07,"2,691.26","2,708.54","2,623.14","2,633.08","2,633.08","4,216,690,000"
2018-12-10,"2,630.86","2,647.51","2,583.23","2,637.72","2,637.72","4,151,030,000"
2018-12-11,"2,664.44","2,674.35","2,621.30","2,636.78","2,636.78","3,905,870,000"
2018-12-12,"2,658.23","2,685.44","2,650.26","2,651.07","2,651.07","3,958,890,000"
2018-12-13,"2,658.70","2,670.19","2,637.27","2,650.54","2,650.54","3,927,720,000"
2018-12-14,"2,629.68","2,635.07","2,593.84","2,599.95","2,599.95","4,035,020,000"
2018-12-17,"2,590.75","2,601.13","2,530.54","2,545.94","2,545.94","4,616,350,000"
2018-12-18,"2,559.90","2,573.99","2,528.71","2,546.16","2,546.16","4,470,880,000"
2018-12-19,"2,547.05","2,585.29","2,488.96","2,506.96","2,506.96","5,127,940,000"
2018-12-20,"2,496.77","2,509.63","2,441.18","2,467.42","2,467.42","5,585,780,000"
2018-12-21,"2,465.38","2,504.41","2,408.55","2,416.62","2,416.62","7,609,010,000"
2018-12-24,"2,400.56","2,410.34","2,351.10","2,351.10","2,351.10","2,613,930,000"
2018-12-26,"2,363.12","2,467.76","2,346.58","2,467.70","2,467.70","4,233,990,000"
2018-12-27,"2,442.50","2,489.10","2,397.94","2,488.83","2,488.83","4,096,610,000"
2018-12-28,"2,498.77","2,520.27","2,472.89","2,485.74","2,485.74","3,702,620,000"
2018-12-31,"2,498.94","2,509.24","2,482.82","2,506.85","2,506.85","3,442,870,000"
2019-01-02,"2,476.96","2,519.49","2,467.47","2,510.03","2,510.03","3,733,160,000"
2019-01-03,"2,491.92","2,493.14","2,443.96","2,447.89","2,447.89","3,822,860,000"
2019-01-04,"2,474.33","2,538.07","2,474.33","2,531.94","2,531.94","4,213,410,000"
2019-01-07,"2,535.61","2,566.16","2,524.56","2,549.69","2,549.69","4,104,710,000"
2019-01-08,"2,568.11","2,579.82","2,547.56","2,574.41","2,574.41","4,083,030,000"
2019-01-09,"2,580.00","2,595.32","2,568.89","2,584.96","2,584.96","4,052,480,000"
2019-01-10,"2,573.51","2,597.82","2,562.02","2,596.64","2,596.64","3,704,500,000"
2019-01-11,"2,588.11","2,596.27","2,577.40","2,596.26","2,596.26","3,434,490,000"
2019-01-14,"2,580.31","2,589.32","2,570.41","2,582.61","2,582.61","3,664,450,000"
2019-01-15,"2,585.10","2,613.08","2,585.10","2,610.30","2,610.30","3,572,330,000"
2019-01-16,"2,614.75","2,625.76","2,612.68","2,616.10","2,616.10","3,863,770,000"
2019-01-17,"2,609.28","2,645.06","2,606.36","2,635.96","2,635.96","3,772,270,000"
2019-01-18,"2,651.27","2,675.47","2,647.58","2,670.71","2,670.71","3,986,730,000"
2019-01-22,"2,657.88","2,657.88","2,617.27","2,632.90","2,632.90","3,908,030,000"
2019-01-23,"2,643.48","2,653.19","2,612.86","2,638.70","2,638.70","3,335,610,000"
2019-01-24,"2,638.84","2,647.20","2,627.01","2,642.33","2,642.33","3,433,250,000"
2019-01-25,"2,657.44","2,672.38","2,657.33","2,664.76","2,664.76","3,814,080,000"
2019-01-28,"2,644.97","2,644.97","2,624.06","2,643.85","2,643.85","3,612,810,000"
2019-01-29,"2,644.89","2,650.93","2,631.05","2,640.00","2,640.00","3,504,200,000"
2019-01-30,"2,653.62","2,690.44","2,648.34","2,681.05","2,681.05","3,867,810,000"
2019-01-31,"2,685.49","2,708.95","2,678.65","2,704.10","2,704.10","4,917,650,000"
2019-02-01,"2,702.32","2,716.66","2,696.88","2,706.53","2,706.53","3,759,270,000"
2019-02-04,"2,706.49","2,724.99","2,698.75","2,724.87","2,724.87","3,359,840,000"
2019-02-05,"2,728.34","2,738.98","2,724.03","2,737.70","2,737.70","3,560,430,000"
2019-02-06,"2,735.05","2,738.08","2,724.15","2,731.61","2,731.61","3,472,690,000"
2019-02-07,"2,717.53","2,719.32","2,687.26","2,706.05","2,706.05","4,099,490,000"
2019-02-08,"2,692.36","2,708.07","2,681.83","2,707.88","2,707.88","3,622,330,000"
2019-02-11,"2,712.40","2,718.05","2,703.79","2,709.80","2,709.80","3,361,970,000"
2019-02-12,"2,722.61","2,748.19","2,722.61","2,744.73","2,744.73","3,827,770,000"
2019-02-13,"2,750.30","2,761.85","2,748.63","2,753.03","2,753.03","3,670,770,000"
2019-02-14,"2,743.50","2,757.90","2,731.23","2,745.73","2,745.73","3,836,700,000"
2019-02-15,"2,760.24","2,775.66","2,760.24","2,775.60","2,775.60","3,641,370,000"
2019-02-19,"2,769.28","2,787.33","2,767.29","2,779.76","2,779.76","3,533,710,000"
2019-02-20,"2,779.05","2,789.88","2,774.06","2,784.70","2,784.70","3,835,450,000"
2019-02-21,"2,780.24","2,781.58","2,764.55","2,774.88","2,774.88","3,559,710,000"
2019-02-22,"2,780.67","2,794.20","2,779.11","2,792.67","2,792.67","3,427,810,000"
2019-02-25,"2,804.35","2,813.49","2,794.99","2,796.11","2,796.11","3,804,380,000"
2019-02-26,"2,792.36","2,803.12","2,789.47","2,793.90","2,793.90","3,645,680,000"
2019-02-27,"2,787.50","2,795.76","2,775.13","2,792.38","2,792.38","3,767,130,000"
2019-02-28,"2,788.11","2,793.73","2,782.51","2,784.49","2,784.49","4,396,930,000"
2019-03-01,"2,798.22","2,808.02","2,787.38","2,803.69","2,803.69","3,972,280,000"
2019-03-04,"2,814.37","2,816.88","2,767.66","2,792.81","2,792.81","3,919,810,000"
2019-03-05,"2,794.41","2,796.44","2,782.97","2,789.65","2,789.65","3,585,690,000"
2019-03-06,"2,790.27","2,790.27","2,768.69","2,771.45","2,771.45","3,786,600,000"
2019-03-07,"2,766.53","2,767.25","2,739.09","2,748.93","2,748.93","3,904,860,000"
2019-03-08,"2,730.79","2,744.13","2,722.27","2,743.07","2,743.07","3,423,130,000"
2019-03-11,"2,747.61","2,784.00","2,747.61","2,783.30","2,783.30","3,749,030,000"
2019-03-12,"2,787.34","2,798.32","2,786.73","2,791.52","2,791.52","3,414,230,000"
2019-03-13,"2,799.78","2,821.24","2,799.78","2,810.92","2,810.92","3,766,150,000"
2019-03-14,"2,810.38","2,815.00","2,803.46","2,808.48","2,808.48","3,469,730,000"
2019-03-15,"2,810.79","2,830.73","2,810.79","2,822.48","2,822.48","5,962,730,000"
2019-03-18,"2,822.61","2,835.41","2,821.99","2,832.94","2,832.94","3,552,190,000"
2019-03-19,"2,840.76","2,852.42","2,823.27","2,832.57","2,832.57","3,620,220,000"
2019-03-20,"2,831.34","2,843.54","2,812.43","2,824.23","2,824.23","3,771,200,000"
2019-03-21,"2,819.72","2,860.31","2,817.38","2,854.88","2,854.88","3,546,800,000"
2019-03-22,"2,844.52","2,846.16","2,800.47","2,800.71","2,800.71","4,237,200,000"
2019-03-25,"2,796.01","2,809.79","2,785.02","2,798.36","2,798.36","3,376,580,000"
2019-03-26,"2,812.66","2,829.87","2,803.99","2,818.46","2,818.46","3,266,050,000"
2019-03-27,"2,819.72","2,825.56","2,787.72","2,805.37","2,805.37","3,372,930,000"
2019-03-28,"2,809.40","2,819.71","2,798.77","2,815.44","2,815.44","3,158,170,000"
2019-03-29,"2,828.27","2,836.03","2,819.23","2,834.40","2,834.40","3,740,700,000"
2019-04-01,"2,848.63","2,869.40","2,848.63","2,867.19","2,867.19","3,500,760,000"
2019-04-02,"2,868.24","2,872.90","2,858.75","2,867.24","2,867.24","3,246,900,000"
2019-04-03,"2,876.09","2,885.25","2,865.17","2,873.40","2,873.40","3,550,240,000"
2019-04-04,"2,873.99","2,881.28","2,867.14","2,879.39","2,879.39","3,015,180,000"
2019-04-05,"2,884.16","2,893.24","2,882.99","2,892.74","2,892.74","3,146,820,000"
2019-04-08,"2,888.46","2,895.95","2,880.78","2,895.77","2,895.77","3,054,030,000"
2019-04-09,"2,886.58","2,886.88","2,873.33","2,878.20","2,878.20","3,007,980,000"
2019-04-10,"2,881.37","2,889.71","2,879.13","2,888.21","2,888.21","3,062,380,000"
2019-04-11,"2,891.92","2,893.42","2,881.99","2,888.32","2,888.32","2,938,540,000"
2019-04-12,"2,900.86","2,910.54","2,898.37","2,907.41","2,907.41","3,688,490,000"
2019-04-15,"2,908.32","2,909.60","2,896.48","2,905.58","2,905.58","3,088,330,000"
2019-04-16,"2,912.26","2,916.06","2,900.71","2,907.06","2,907.06","3,402,210,000"
2019-04-17,"2,916.04","2,918.00","2,895.45","2,900.45","2,900.45","3,602,300,000"
2019-04-18,"2,904.81","2,908.40","2,891.90","2,905.03","2,905.03","3,506,850,000"
2019-04-22,"2,898.78","2,909.51","2,896.35","2,907.97","2,907.97","2,997,950,000"
2019-04-23,"2,909.99","2,936.31","2,908.53","2,933.68","2,933.68","3,635,030,000"
2019-04-24,"2,934.00","2,936.83","2,926.05","2,927.25","2,927.25","3,448,960,000"
2019-04-25,"2,928.99","2,933.10","2,912.84","2,926.17","2,926.17","3,425,280,000"
2019-04-26,"2,925.81","2,939.88","2,917.56","2,939.88","2,939.88","3,248,500,000"
2019-04-29,"2,940.58","2,949.52","2,939.35","2,943.03","2,943.03","3,118,780,000"
2019-04-30,"2,937.14","2,948.22","2,924.11","2,945.83","2,945.83","3,919,330,000"
2019-05-01,"2,952.33","2,954.13","2,923.36","2,923.73","2,923.73","3,645,850,000"
2019-05-02,"2,922.16","2,931.68","2,900.50","2,917.52","2,917.52","3,778,890,000"
2019-05-03,"2,929.21","2,947.85","2,929.21","2,945.64","2,945.64","3,338,120,000"
2019-05-06,"2,908.89","2,937.32","2,898.21","2,932.47","2,932.47","3,181,520,000"
2019-05-07,"2,913.03","2,913.03","2,862.60","2,884.05","2,884.05","3,767,100,000"
2019-05-08,"2,879.61","2,897.96","2,873.28","2,879.42","2,879.42","3,485,790,000"
2019-05-09,"2,859.84","2,875.97","2,836.40","2,870.72","2,870.72","3,638,820,000"
2019-05-10,"2,863.10","2,891.31","2,825.39","2,881.40","2,881.40","3,529,600,000"
2019-05-13,"2,840.19","2,840.19","2,801.43","2,811.87","2,811.87","3,894,030,000"
2019-05-14,"2,820.12","2,852.54","2,820.12","2,834.41","2,834.41","3,322,720,000"
2019-05-15,"2,820.38","2,858.68","2,815.08","2,850.96","2,850.96","3,125,950,000"
2019-05-16,"2,855.80","2,892.15","2,855.80","2,876.32","2,876.32","3,338,060,000"
2019-05-17,"2,858.60","2,885.48","2,854.23","2,859.53","2,859.53","3,257,950,000"
2019-05-20,"2,841.94","2,853.86","2,831.29","2,840.23","2,840.23","3,288,870,000"
2019-05-21,"2,854.02","2,868.88","2,854.02","2,864.36","2,864.36","3,218,700,000"
2019-05-22,"2,856.06","2,865.47","2,851.11","2,856.27","2,856.27","3,192,510,000"
2019-05-23,"2,836.70","2,836.70","2,805.49","2,822.24","2,822.24","3,891,980,000"
2019-05-24,"2,832.41","2,841.36","2,820.19","2,826.06","2,826.06","2,887,390,000"
2019-05-28,"2,830.03","2,840.51","2,801.58","2,802.39","2,802.39","4,121,410,000"
2019-05-29,"2,790.25","2,792.03","2,766.06","2,783.02","2,783.02","3,700,050,000"
2019-05-30,"2,786.94","2,799.00","2,776.74","2,788.86","2,788.86","3,273,790,000"
2019-05-31,"2,766.15","2,768.98","2,750.52","2,752.06","2,752.06","3,981,020,000"
2019-06-03,"2,751.53","2,763.07","2,728.81","2,744.45","2,744.45","3,966,700,000"
2019-06-04,"2,762.64","2,804.49","2,762.64","2,803.27","2,803.27","3,810,430,000"
2019-06-05,"2,818.09","2,827.28","2,800.92","2,826.15","2,826.15","3,548,830,000"
2019-06-06,"2,828.51","2,852.10","2,822.45","2,843.49","2,843.49","3,396,410,000"
2019-06-07,"2,852.87","2,884.97","2,852.87","2,873.34","2,873.34","3,220,250,000"
2019-06-10,"2,885.83","2,904.77","2,885.51","2,886.73","2,886.73","3,209,210,000"
2019-06-11,"2,903.27","2,910.61","2,878.53","2,885.72","2,885.72","3,548,420,000"
2019-06-12,"2,882.73","2,888.57","2,874.68","2,879.84","2,879.84","3,034,130,000"
2019-06-13,"2,886.24","2,895.24","2,881.99","2,891.64","2,891.64","3,069,810,000"
2019-06-14,"2,886.82","2,894.45","2,879.62","2,886.98","2,886.98","2,922,330,000"
2019-06-17,"2,889.75","2,897.27","2,887.30","2,889.67","2,889.67","2,810,140,000"
2019-06-18,"2,906.71","2,930.79","2,905.44","2,917.75","2,917.75","3,437,620,000"
2019-06-19,"2,920.55","2,931.74","2,911.43","2,926.46","2,926.46","3,287,890,000"
2019-06-20,"2,949.60","2,958.06","2,931.50","2,954.18","2,954.18","3,905,940,000"
2019-06-21,"2,952.71","2,964.15","2,946.87","2,950.46","2,950.46","5,000,120,000"
2019-06-24,"2,951.42","2,954.92","2,944.05","2,945.35","2,945.35","3,136,250,000"
2019-06-25,"2,945.78","2,946.52","2,916.01","2,917.38","2,917.38","3,578,050,000"
2019-06-26,"2,926.07","2,932.59","2,912.99","2,913.78","2,913.78","3,478,130,000"
2019-06-27,"2,919.66","2,929.30","2,918.57","2,924.92","2,924.92","3,122,920,000"
2019-06-28,"2,932.94","2,943.98","2,929.05","2,941.76","2,941.76","5,420,700,000"
2019-07-01,"2,971.41","2,977.93","2,952.22","2,964.33","2,964.33","3,513,270,000"
2019-07-02,"2,964.66","2,973.21","2,955.92","2,973.01","2,973.01","3,206,840,000"
2019-07-03,"2,978.08","2,995.84","2,977.96","2,995.82","2,995.82","1,963,720,000"
2019-07-05,"2,984.25","2,994.03","2,967.97","2,990.41","2,990.41","2,434,210,000"
2019-07-08,"2,979.77","2,980.76","2,970.09","2,975.95","2,975.95","2,904,550,000"
2019-07-09,"2,965.52","2,981.90","2,963.44","2,979.63","2,979.63","3,028,210,000"
2019-07-10,"2,989.30","3,002.98","2,984.62","2,993.07","2,993.07","3,154,240,000"
2019-07-11,"2,999.62","3,002.33","2,988.80","2,999.91","2,999.91","3,154,620,000"
2019-07-12,"3,003.36","3,013.92","3,001.87","3,013.77","3,013.77","2,974,960,000"
2019-07-15,"3,017.80","3,017.80","3,008.77","3,014.30","3,014.30","2,874,970,000"
2019-07-16,"3,012.13","3,015.02","3,001.15","3,004.04","3,004.04","3,290,650,000"
2019-07-17,"3,005.10","3,005.26","2,984.25","2,984.42","2,984.42","3,181,600,000"
2019-07-18,"2,978.87","2,998.28","2,973.09","2,995.11","2,995.11","3,296,580,000"
2019-07-19,"3,004.26","3,006.02","2,975.86","2,976.61","2,976.61","3,260,360,000"
2019-07-22,"2,981.93","2,990.71","2,976.65","2,985.03","2,985.03","3,003,720,000"
2019-07-23,"2,994.74","3,005.90","2,988.56","3,005.47","3,005.47","3,313,660,000"
2019-07-24,"2,998.77","3,019.59","2,996.82","3,019.56","3,019.56","3,428,980,000"
2019-07-25,"3,016.26","3,016.31","2,997.24","3,003.67","3,003.67","3,645,270,000"
2019-07-26,"3,013.25","3,027.98","3,012.59","3,025.86","3,025.86","3,257,590,000"
2019-07-29,"3,024.47","3,025.61","3,014.30","3,020.97","3,020.97","3,203,710,000"
2019-07-30,"3,007.66","3,017.19","3,000.94","3,013.18","3,013.18","3,634,330,000"
2019-07-31,"3,016.22","3,017.40","2,958.08","2,980.38","2,980.38","4,623,430,000"
2019-08-01,"2,980.32","3,013.59","2,945.23","2,953.56","2,953.56","4,762,300,000"
2019-08-02,"2,943.90","2,945.50","2,914.11","2,932.05","2,932.05","3,874,660,000"
2019-08-05,"2,898.07","2,898.07","2,822.12","2,844.74","2,844.74","4,513,730,000"
2019-08-06,"2,861.18","2,884.40","2,847.42","2,881.77","2,881.77","4,154,240,000"
2019-08-07,"2,858.65","2,892.17","2,825.71","2,883.98","2,883.98","4,491,750,000"
2019-08-08,"2,896.21","2,938.72","2,894.47","2,938.09","2,938.09","4,106,370,000"
2019-08-09,"2,930.51","2,935.75","2,900.15","2,918.65","2,918.65","3,350,640,000"
2019-08-12,"2,907.07","2,907.58","2,873.14","2,882.70","2,882.70","2,851,630,000"
2019-08-13,"2,880.72","2,943.31","2,877.05","2,926.32","2,926.32","3,853,600,000"
2019-08-14,"2,894.15","2,894.15","2,839.64","2,840.60","2,840.60","4,312,530,000"
2019-08-15,"2,846.20","2,856.67","2,825.51","2,847.60","2,847.60","4,038,000,000"
2019-08-16,"2,864.74","2,893.63","2,864.74","2,888.68","2,888.68","3,498,150,000"
2019-08-19,"2,913.48","2,931.00","2,913.48","2,923.65","2,923.65","3,212,880,000"
2019-08-20,"2,919.01","2,923.63","2,899.60","2,900.51","2,900.51","3,066,300,000"
2019-08-21,"2,922.04","2,928.73","2,917.91","2,924.43","2,924.43","3,011,190,000"
2019-08-22,"2,930.94","2,939.08","2,904.51","2,922.95","2,922.95","2,890,880,000"
2019-08-23,"2,911.07","2,927.01","2,834.97","2,847.11","2,847.11","3,937,300,000"
2019-08-26,"2,866.70","2,879.27","2,856.00","2,878.38","2,878.38","2,857,600,000"
2019-08-27,"2,893.14","2,898.79","2,860.59","2,869.16","2,869.16","3,533,630,000"
2019-08-28,"2,861.28","2,890.03","2,853.05","2,887.94","2,887.94","3,097,420,000"
2019-08-29,"2,910.37","2,930.50","2,905.67","2,924.58","2,924.58","3,176,190,000"
2019-08-30,"2,937.09","2,940.43","2,913.32","2,926.46","2,926.46","3,008,450,000"
2019-09-03,"2,909.01","2,914.39","2,891.85","2,906.27","2,906.27","3,426,790,000"
2019-09-04,"2,924.67","2,938.84","2,921.86","2,937.78","2,937.78","3,163,260,000"
2019-09-05,"2,960.60","2,985.86","2,960.60","2,976.00","2,976.00","3,890,700,000"
2019-09-06,"2,980.33","2,985.03","2,972.51","2,978.71","2,978.71","3,208,280,000"
2019-09-09,"2,988.43","2,989.43","2,969.39","2,978.43","2,978.43","4,002,890,000"
2019-09-10,"2,971.01","2,979.39","2,957.01","2,979.39","2,979.39","4,390,770,000"
2019-09-11,"2,981.41","3,000.93","2,975.31","3,000.93","3,000.93","3,927,550,000"
2019-09-12,"3,009.08","3,020.74","3,000.92","3,009.57","3,009.57","3,791,860,000"
2019-09-13,"3,012.21","3,017.33","3,002.90","3,007.39","3,007.39","3,520,060,000"
2019-09-16,"2,996.41","3,002.19","2,990.67","2,997.96","2,997.96","4,274,640,000"
2019-09-17,"2,995.67","3,006.21","2,993.73","3,005.70","3,005.70","3,671,840,000"
2019-09-18,"3,001.50","3,007.83","2,978.57","3,006.73","3,006.73","3,435,540,000"
2019-09-19,"3,010.36","3,021.99","3,003.16","3,006.79","3,006.79","3,251,290,000"
2019-09-20,"3,008.42","3,016.37","2,984.68","2,992.07","2,992.07","6,094,740,000"
2019-09-23,"2,983.50","2,999.15","2,982.23","2,991.78","2,991.78","3,186,590,000"
2019-09-24,"3,002.43","3,007.98","2,957.73","2,966.60","2,966.60","3,868,160,000"
2019-09-25,"2,968.35","2,989.82","2,952.86","2,984.87","2,984.87","3,318,870,000"
2019-09-26,"2,985.73","2,987.28","2,963.71","2,977.62","2,977.62","3,077,240,000"
2019-09-27,"2,985.47","2,987.31","2,945.53","2,961.79","2,961.79","3,243,650,000"
2019-09-30,"2,967.07","2,983.85","2,967.07","2,976.74","2,976.74","3,247,610,000"
2019-10-01,"2,983.69","2,992.53","2,938.70","2,940.25","2,940.25","3,558,040,000"
2019-10-02,"2,924.78","2,924.78","2,874.93","2,887.61","2,887.61","3,912,520,000"
2019-10-03,"2,885.38","2,911.13","2,855.94","2,910.63","2,910.63","3,503,640,000"
2019-10-04,"2,918.56","2,953.74","2,918.56","2,952.01","2,952.01","2,990,830,000"
2019-10-07,"2,944.23","2,959.75","2,935.68","2,938.79","2,938.79","2,940,140,000"
2019-10-08,"2,920.40","2,925.47","2,892.66","2,893.06","2,893.06","3,356,450,000"
2019-10-09,"2,911.10","2,929.32","2,907.41","2,919.40","2,919.40","2,726,820,000"
2019-10-10,"2,918.55","2,948.46","2,917.12","2,938.13","2,938.13","3,217,250,000"
2019-10-11,"2,963.07","2,993.28","2,963.07","2,970.27","2,970.27","3,580,460,000"
2019-10-14,"2,965.81","2,972.84","2,962.94","2,966.15","2,966.15","2,557,020,000"
2019-10-15,"2,973.61","3,003.28","2,973.61","2,995.68","2,995.68","3,340,740,000"
2019-10-16,"2,989.68","2,997.54","2,985.20","2,989.69","2,989.69","3,222,570,000"
2019-10-17,"3,000.77","3,008.29","2,991.79","2,997.95","2,997.95","3,115,960,000"
2019-10-18,"2,996.84","3,000.00","2,976.31","2,986.20","2,986.20","3,264,290,000"
2019-10-21,"2,996.48","3,007.33","2,995.35","3,006.72","3,006.72","3,271,620,000"
2019-10-22,"3,010.73","3,014.57","2,995.04","2,995.99","2,995.99","3,523,890,000"
2019-10-23,"2,994.01","3,004.78","2,991.21","3,004.52","3,004.52","3,392,870,000"
2019-10-24,"3,014.78","3,016.07","3,000.42","3,010.29","3,010.29","3,692,600,000"
2019-10-25,"3,003.32","3,027.39","3,001.94","3,022.55","3,022.55","3,370,370,000"
2019-10-28,"3,032.12","3,044.08","3,032.12","3,039.42","3,039.42","3,521,230,000"
2019-10-29,"3,035.39","3,047.87","3,034.81","3,036.89","3,036.89","3,589,930,000"
2019-10-30,"3,039.74","3,050.10","3,025.96","3,046.77","3,046.77","3,776,030,000"
2019-10-31,"3,046.90","3,046.90","3,023.19","3,037.56","3,037.56","4,139,280,000"
2019-11-01,"3,050.72","3,066.95","3,050.72","3,066.91","3,066.91","3,930,200,000"
2019-11-04,"3,078.96","3,085.20","3,074.87","3,078.27","3,078.27","4,146,850,000"
2019-11-05,"3,080.80","3,083.95","3,072.15","3,074.62","3,074.62","4,486,130,000"
2019-11-06,"3,075.10","3,078.34","3,065.89","3,076.78","3,076.78","4,458,190,000"
2019-11-07,"3,087.02","3,097.77","3,080.23","3,085.18","3,085.18","4,144,640,000"
2019-11-08,"3,081.25","3,093.09","3,073.58","3,093.08","3,093.08","3,499,150,000"
2019-11-11,"3,080.33","3,088.33","3,075.82","3,087.01","3,087.01","3,035,530,000"
2019-11-12,"3,089.28","3,102.61","3,084.73","3,091.84","3,091.84","3,466,010,000"
2019-11-13,"3,084.18","3,098.06","3,078.80","3,094.04","3,094.04","3,509,280,000"
2019-11-14,"3,090.75","3,098.20","3,083.26","3,096.63","3,096.63","3,276,070,000"
2019-11-15,"3,107.92","3,120.46","3,104.60","3,120.46","3,120.46","3,335,650,000"
2019-11-18,"3,117.91","3,124.17","3,112.06","3,122.03","3,122.03","3,436,690,000"
2019-11-19,"3,127.45","3,127.64","3,113.47","3,120.18","3,120.18","3,590,070,000"
2019-11-20,"3,114.66","3,118.97","3,091.41","3,108.46","3,108.46","4,034,890,000"
2019-11-21,"3,108.49","3,110.11","3,094.55","3,103.54","3,103.54","3,720,560,000"
2019-11-22,"3,111.41","3,112.87","3,099.26","3,110.29","3,110.29","3,226,780,000"
2019-11-25,"3,117.44","3,133.83","3,117.44","3,133.64","3,133.64","3,511,530,000"
2019-11-26,"3,134.85","3,142.69","3,131.00","3,140.52","3,140.52","4,595,590,000"
2019-11-27,"3,145.49","3,154.26","3,143.41","3,153.63","3,153.63","3,033,090,000"
2019-11-29,"3,147.18","3,150.30","3,139.34","3,140.98","3,140.98","1,743,020,000"
2019-12-02,"3,143.85","3,144.31","3,110.78","3,113.87","3,113.87","3,268,740,000"
2019-12-03,"3,087.41","3,094.97","3,070.33","3,093.20","3,093.20","3,653,390,000"
2019-12-04,"3,103.50","3,119.38","3,102.53","3,112.76","3,112.76","3,695,030,000"
2019-12-05,"3,119.21","3,119.45","3,103.76","3,117.43","3,117.43","3,355,750,000"
2019-12-06,"3,134.62","3,150.60","3,134.62","3,145.91","3,145.91","3,479,480,000"
2019-12-09,"3,141.86","3,148.87","3,135.46","3,135.96","3,135.96","3,345,990,000"
2019-12-10,"3,135.36","3,142.12","3,126.09","3,132.52","3,132.52","3,343,790,000"
2019-12-11,"3,135.75","3,143.98","3,133.21","3,141.63","3,141.63","3,252,540,000"
2019-12-12,"3,141.23","3,176.28","3,138.47","3,168.57","3,168.57","3,990,690,000"
2019-12-13,"3,166.65","3,182.68","3,156.51","3,168.80","3,168.80","3,736,870,000"
2019-12-16,"3,183.63","3,197.71","3,183.63","3,191.45","3,191.45","4,051,790,000"
2019-12-17,"3,195.40","3,198.22","3,191.03","3,192.52","3,192.52","3,837,540,000"
2019-12-18,"3,195.21","3,198.48","3,191.14","3,191.14","3,191.14","4,014,080,000"
2019-12-19,"3,192.32","3,205.48","3,192.32","3,205.37","3,205.37","3,720,450,000"
2019-12-20,"3,223.33","3,225.65","3,216.03","3,221.22","3,221.22","6,454,270,000"
2019-12-23,"3,226.05","3,227.78","3,222.30","3,224.01","3,224.01","3,060,610,000"
2019-12-24,"3,225.45","3,226.43","3,220.51","3,223.38","3,223.38","1,296,540,000"
2019-12-26,"3,227.20","3,240.08","3,227.20","3,239.91","3,239.91","2,160,680,000"
2019-12-27,"3,247.23","3,247.93","3,234.37","3,240.02","3,240.02","2,428,670,000"
2019-12-30,"3,240.09","3,240.92","3,216.57","3,221.29","3,221.29","3,013,290,000"
2019-12-31,"3,215.18","3,231.72","3,212.03","3,230.78","3,230.78","2,893,810,000"
2020-01-02,"3,244.67","3,258.14","3,235.53","3,257.85","3,257.85","3,458,250,000"
2020-01-03,"3,226.36","3,246.15","3,222.34","3,234.85","3,234.85","3,461,290,000"
2020-01-06,"3,217.55","3,246.84","3,214.64","3,246.28","3,246.28","3,674,070,000"
2020-01-07,"3,241.86","3,244.91","3,232.43","3,237.18","3,237.18","3,420,380,000"
2020-01-08,"3,238.59","3,267.07","3,236.67","3,253.05","3,253.05","3,720,890,000"
2020-01-09,"3,266.03","3,275.58","3,263.67","3,274.70","3,274.70","3,638,390,000"
2020-01-10,"3,281.81","3,282.99","3,260.86","3,265.35","3,265.35","3,212,970,000"
2020-01-13,"3,271.13","3,288.13","3,268.43","3,288.13","3,288.13","3,456,380,000"
2020-01-14,"3,285.35","3,294.25","3,277.19","3,283.15","3,283.15","3,665,130,000"
2020-01-15,"3,282.27","3,298.66","3,280.69","3,289.29","3,289.29","3,716,840,000"
2020-01-16,"3,302.97","3,317.11","3,302.82","3,316.81","3,316.81","3,535,080,000"
2020-01-17,"3,323.66","3,329.88","3,318.86","3,329.62","3,329.62","3,698,170,000"
2020-01-21,"3,321.03","3,329.79","3,316.61","3,320.79","3,320.79","4,105,340,000"
2020-01-22,"3,330.02","3,337.77","3,320.04","3,321.75","3,321.75","3,619,850,000"
2020-01-23,"3,315.77","3,326.88","3,301.87","3,325.54","3,325.54","3,764,860,000"
2020-01-24,"3,333.10","3,333.18","3,281.53","3,295.47","3,295.47","3,707,130,000"
2020-01-27,"3,247.16","3,258.85","3,234.50","3,243.63","3,243.63","3,823,100,000"
2020-01-28,"3,255.35","3,285.78","3,253.22","3,276.24","3,276.24","3,526,720,000"
2020-01-29,"3,289.46","3,293.47","3,271.89","3,273.40","3,273.40","3,584,500,000"
2020-01-30,"3,256.45","3,285.91","3,242.80","3,283.66","3,283.66","3,787,250,000"
2020-01-31,"3,282.33","3,282.33","3,214.68","3,225.52","3,225.52","4,527,830,000"
2020-02-03,"3,235.66","3,268.44","3,235.66","3,248.92","3,248.92","3,757,910,000"
2020-02-04,"3,280.61","3,306.92","3,280.61","3,297.59","3,297.59","3,995,320,000"
2020-02-05,"3,324.91","3,337.58","3,313.75","3,334.69","3,334.69","4,117,730,000"
2020-02-06,"3,344.92","3,347.96","3,334.39","3,345.78","3,345.78","3,868,370,000"
2020-02-07,"3,335.54","3,341.42","3,322.12","3,327.71","3,327.71","3,730,650,000"
2020-02-10,"3,318.28","3,352.26","3,317.77","3,352.09","3,352.09","3,450,350,000"
2020-02-11,"3,365.87","3,375.63","3,352.72","3,357.75","3,357.75","3,760,550,000"
2020-02-12,"3,370.50","3,381.47","3,369.72","3,379.45","3,379.45","3,926,380,000"
2020-02-13,"3,365.90","3,385.09","3,360.52","3,373.94","3,373.94","3,498,240,000"
2020-02-14,"3,378.08","3,380.69","3,366.15","3,380.16","3,380.16","3,398,040,000"
2020-02-18,"3,369.04","3,375.01","3,355.61","3,370.29","3,370.29","3,746,720,000"
2020-02-19,"3,380.39","3,393.52","3,378.83","3,386.15","3,386.15","3,600,150,000"
2020-02-20,"3,380.45","3,389.15","3,341.02","3,373.23","3,373.23","4,007,320,000"
2020-02-21,"3,360.50","3,360.76","3,328.45","3,337.75","3,337.75","3,899,270,000"
2020-02-24,"3,257.61","3,259.81","3,214.65","3,225.89","3,225.89","4,842,960,000"
2020-02-25,"3,238.94","3,246.99","3,118.77","3,128.21","3,128.21","5,591,510,000"
2020-02-26,"3,139.90","3,182.51","3,108.99","3,116.39","3,116.39","5,478,110,000"
2020-02-27,"3,062.54","3,097.07","2,977.39","2,978.76","2,978.76","7,058,840,000"
2020-02-28,"2,916.90","2,959.72","2,855.84","2,954.22","2,954.22","8,563,850,000"
2020-03-02,"2,974.28","3,090.96","2,945.19","3,090.23","3,090.23","6,376,400,000"
2020-03-03,"3,096.46","3,136.72","2,976.63","3,003.37","3,003.37","6,355,940,000"
2020-03-04,"3,045.75","3,130.97","3,034.38","3,130.12","3,130.12","5,035,480,000"
2020-03-05,"3,075.70","3,083.04","2,999.83","3,023.94","3,023.94","5,575,550,000"
2020-03-06,"2,954.20","2,985.93","2,901.54","2,972.37","2,972.37","6,552,140,000"
2020-03-09,"2,863.89","2,863.89","2,734.43","2,746.56","2,746.56","8,423,050,000"
2020-03-10,"2,813.48","2,882.59","2,734.00","2,882.23","2,882.23","7,635,960,000"
2020-03-11,"2,825.60","2,825.60","2,707.22","2,741.38","2,741.38","7,374,110,000"
2020-03-12,"2,630.86","2,660.95","2,478.86","2,480.64","2,480.64","8,829,380,000"
2020-03-13,"2,569.99","2,711.33","2,492.37","2,711.02","2,711.02","8,258,670,000"
2020-03-16,"2,508.59","2,562.98","2,380.94","2,386.13","2,386.13","7,781,540,000"
2020-03-17,"2,425.66","2,553.93","2,367.04","2,529.19","2,529.19","8,358,500,000"
2020-03-18,"2,436.50","2,453.57","2,280.52","2,398.10","2,398.10","8,755,780,000"
2020-03-19,"2,393.48","2,466.97","2,319.78","2,409.39","2,409.39","7,946,710,000"
2020-03-20,"2,431.94","2,453.01","2,295.56","2,304.92","2,304.92","9,044,690,000"
2020-03-23,"2,290.71","2,300.73","2,191.86","2,237.40","2,237.40","7,402,180,000"
2020-03-24,"2,344.44","2,449.71","2,344.44","2,447.33","2,447.33","7,547,350,000"
2020-03-25,"2,457.77","2,571.42","2,407.53","2,475.56","2,475.56","8,285,670,000"
2020-03-26,"2,501.29","2,637.01","2,500.72","2,630.07","2,630.07","7,753,160,000"
2020-03-27,"2,555.87","2,615.91","2,520.02","2,541.47","2,541.47","6,194,330,000"
2020-03-30,"2,558.98","2,631.80","2,545.28","2,626.65","2,626.65","5,746,220,000"
2020-03-31,"2,614.69","2,641.39","2,571.15","2,584.59","2,584.59","6,568,290,000"
2020-04-01,"2,498.08","2,522.75","2,447.49","2,470.50","2,470.50","5,947,900,000"
2020-04-02,"2,458.54","2,533.22","2,455.79","2,526.90","2,526.90","6,454,990,000"
2020-04-03,"2,514.92","2,538.18","2,459.96","2,488.65","2,488.65","6,087,190,000"
2020-04-06,"2,578.28","2,676.85","2,574.57","2,663.68","2,663.68","6,391,860,000"
2020-04-07,"2,738.65","2,756.89","2,657.67","2,659.41","2,659.41","7,040,720,000"
2020-04-08,"2,685.00","2,760.75","2,663.30","2,749.98","2,749.98","5,856,370,000"
2020-04-09,"2,776.99","2,818.57","2,762.36","2,789.82","2,789.82","7,880,140,000"
2020-04-13,"2,782.46","2,782.46","2,721.17","2,761.63","2,761.63","5,274,310,000"
2020-04-14,"2,805.10","2,851.85","2,805.10","2,846.06","2,846.06","5,567,400,000"
2020-04-15,"2,795.64","2,801.88","2,761.54","2,783.36","2,783.36","5,203,390,000"
2020-04-16,"2,799.34","2,806.51","2,764.32","2,799.55","2,799.55","5,179,990,000"
2020-04-17,"2,842.43","2,879.22","2,830.88","2,874.56","2,874.56","5,792,140,000"
2020-04-20,"2,845.62","2,868.98","2,820.43","2,823.16","2,823.16","5,220,160,000"
2020-04-21,"2,784.81","2,785.54","2,727.10","2,736.56","2,736.56","5,075,830,000"
2020-04-22,"2,787.89","2,815.10","2,775.95","2,799.31","2,799.31","5,049,660,000"
2020-04-23,"2,810.42","2,844.90","2,794.26","2,797.80","2,797.80","5,756,520,000"
2020-04-24,"2,812.64","2,842.71","2,791.76","2,836.74","2,836.74","5,374,480,000"
2020-04-27,"2,854.65","2,887.72","2,852.89","2,878.48","2,878.48","5,194,260,000"
2020-04-28,"2,909.96","2,921.15","2,860.71","2,863.39","2,863.39","5,672,880,000"
2020-04-29,"2,918.46","2,954.86","2,912.16","2,939.51","2,939.51","6,620,140,000"
2020-04-30,"2,930.91","2,930.91","2,892.47","2,912.43","2,912.43","6,523,120,000"
2020-05-01,"2,869.09","2,869.09","2,821.61","2,830.71","2,830.71","4,753,160,000"
2020-05-04,"2,815.01","2,844.24","2,797.85","2,842.74","2,842.74","4,723,140,000"
2020-05-05,"2,868.88","2,898.23","2,863.55","2,868.44","2,868.44","5,129,590,000"
2020-05-06,"2,883.14","2,891.11","2,847.65","2,848.42","2,848.42","4,861,920,000"
2020-05-07,"2,878.26","2,901.92","2,876.48","2,881.19","2,881.19","5,164,640,000"
2020-05-08,"2,908.83","2,932.16","2,902.88","2,929.80","2,929.80","4,857,160,000"
2020-05-11,"2,915.46","2,944.25","2,903.44","2,930.19","2,930.19","4,807,320,000"
2020-05-12,"2,939.50","2,945.82","2,869.59","2,870.12","2,870.12","5,107,710,000"
2020-05-13,"2,865.86","2,874.14","2,793.15","2,820.00","2,820.00","6,143,130,000"
2020-05-14,"2,794.54","2,852.80","2,766.64","2,852.50","2,852.50","5,641,920,000"
2020-05-15,"2,829.95","2,865.01","2,816.78","2,863.70","2,863.70","5,477,040,000"
2020-05-18,"2,913.86","2,968.09","2,913.86","2,953.91","2,953.91","6,364,290,000"
2020-05-19,"2,948.59","2,964.21","2,922.35","2,922.94","2,922.94","4,969,330,000"
2020-05-20,"2,953.63","2,980.29","2,953.63","2,971.61","2,971.61","4,992,970,000"
2020-05-21,"2,969.95","2,978.50","2,938.57","2,948.51","2,948.51","4,966,940,000"
2020-05-22,"2,948.05","2,956.76","2,933.59","2,955.45","2,955.45","3,952,800,000"
2020-05-26,"3,004.08","3,021.72","2,988.17","2,991.77","2,991.77","5,837,060,000"
2020-05-27,"3,015.65","3,036.25","2,969.75","3,036.13","3,036.13","6,371,230,000"
2020-05-28,"3,046.61","3,068.67","3,023.40","3,029.73","3,029.73","5,402,670,000"
2020-05-29,"3,025.17","3,049.17","2,998.61","3,044.31","3,044.31","7,275,080,000"
2020-06-01,"3,038.78","3,062.18","3,031.54","3,055.73","3,055.73","4,673,410,000"
2020-06-02,"3,064.78","3,081.07","3,051.64","3,080.82","3,080.82","5,187,230,000"
2020-06-03,"3,098.90","3,130.94","3,098.90","3,122.87","3,122.87","5,989,560,000"
2020-06-04,"3,111.56","3,128.91","3,090.41","3,112.35","3,112.35","6,428,130,000"
2020-06-05,"3,163.84","3,211.72","3,163.84","3,193.93","3,193.93","8,617,590,000"
2020-06-08,"3,199.92","3,233.13","3,196.00","3,232.39","3,232.39","8,437,380,000"
2020-06-09,"3,213.32","3,222.71","3,193.11","3,207.18","3,207.18","6,382,620,000"
2020-06-10,"3,213.42","3,223.27","3,181.49","3,190.14","3,190.14","6,570,840,000"
2020-06-11,"3,123.53","3,123.53","2,999.49","3,002.10","3,002.10","7,018,890,000"
2020-06-12,"3,071.04","3,088.42","2,984.47","3,041.31","3,041.31","5,832,250,000"
2020-06-15,"2,993.76","3,079.76","2,965.66","3,066.59","3,066.59","5,740,660,000"
2020-06-16,"3,131.00","3,153.45","3,076.06","3,124.74","3,124.74","5,829,240,000"
2020-06-17,"3,136.13","3,141.16","3,108.03","3,113.49","3,113.49","4,549,390,000"
2020-06-18,"3,101.64","3,120.00","3,093.51","3,115.34","3,115.34","4,429,030,000"
2020-06-19,"3,140.29","3,155.53","3,083.11","3,097.74","3,097.74","8,327,780,000"
2020-06-22,"3,094.42","3,120.92","3,079.39","3,117.86","3,117.86","4,665,380,000"
2020-06-23,"3,138.70","3,154.90","3,127.12","3,131.29","3,131.29","4,704,830,000"
2020-06-24,"3,114.40","3,115.01","3,032.13","3,050.33","3,050.33","5,587,200,000"
2020-06-25,"3,046.60","3,086.25","3,024.01","3,083.76","3,083.76","4,815,420,000"
2020-06-26,"3,073.20","3,073.73","3,004.63","3,009.05","3,009.05","8,098,120,000"
2020-06-29,"3,018.59","3,053.89","2,999.74","3,053.24","3,053.24","4,462,770,000"
2020-06-30,"3,050.20","3,111.51","3,047.83","3,100.29","3,100.29","4,696,280,000"
2020-07-01,"3,105.92","3,128.44","3,101.17","3,115.86","3,115.86","4,443,130,000"
2020-07-02,"3,143.64","3,165.81","3,124.52","3,130.01","3,130.01","4,190,830,000"
2020-07-06,"3,155.29","3,182.59","3,155.29","3,179.72","3,179.72","4,736,450,000"
2020-07-07,"3,166.44","3,184.15","3,142.93","3,145.32","3,145.32","4,563,700,000"
2020-07-08,"3,153.07","3,171.80","3,136.53","3,169.94","3,169.94","4,927,700,000"
2020-07-09,"3,176.17","3,179.78","3,115.70","3,152.05","3,152.05","4,829,020,000"
2020-07-10,"3,152.47","3,186.82","3,136.22","3,185.04","3,185.04","4,515,340,000"
2020-07-13,"3,205.08","3,235.32","3,149.43","3,155.22","3,155.22","4,890,780,000"
2020-07-14,"3,141.11","3,200.95","3,127.66","3,197.52","3,197.52","4,476,170,000"
2020-07-15,"3,225.98","3,238.28","3,200.76","3,226.56","3,226.56","4,669,760,000"
2020-07-16,"3,208.36","3,220.39","3,198.59","3,215.57","3,215.57","3,961,230,000"
2020-07-17,"3,224.21","3,233.52","3,205.65","3,224.73","3,224.73","3,993,830,000"
2020-07-20,"3,224.29","3,258.61","3,215.16","3,251.84","3,251.84","3,971,200,000"
2020-07-21,"3,268.52","3,277.29","3,247.77","3,257.30","3,257.30","4,547,960,000"
2020-07-22,"3,254.86","3,279.32","3,253.10","3,276.02","3,276.02","4,255,190,000"
2020-07-23,"3,271.64","3,279.99","3,222.66","3,235.66","3,235.66","4,290,460,000"
2020-07-24,"3,218.58","3,227.26","3,200.05","3,215.63","3,215.63","3,894,900,000"
2020-07-27,"3,219.84","3,241.43","3,214.25","3,239.41","3,239.41","3,963,910,000"
2020-07-28,"3,234.27","3,243.72","3,216.17","3,218.44","3,218.44","4,027,890,000"
2020-07-29,"3,227.22","3,264.74","3,227.22","3,258.44","3,258.44","4,676,300,000"
2020-07-30,"3,231.76","3,250.92","3,204.13","3,246.22","3,246.22","4,254,010,000"
2020-07-31,"3,270.45","3,272.17","3,220.26","3,271.12","3,271.12","5,117,260,000"
2020-08-03,"3,288.26","3,302.73","3,284.53","3,294.61","3,294.61","4,643,640,000"
2020-08-04,"3,289.92","3,306.84","3,286.37","3,306.51","3,306.51","4,621,670,000"
2020-08-05,"3,317.37","3,330.77","3,317.37","3,327.77","3,327.77","4,732,220,000"
2020-08-06,"3,323.17","3,351.03","3,318.14","3,349.16","3,349.16","4,267,490,000"
2020-08-07,"3,340.05","3,352.54","3,328.72","3,351.28","3,351.28","4,104,860,000"
2020-08-10,"3,356.04","3,363.29","3,335.44","3,360.47","3,360.47","4,318,570,000"
2020-08-11,"3,370.34","3,381.01","3,326.44","3,333.69","3,333.69","5,087,650,000"
2020-08-12,"3,355.46","3,387.89","3,355.46","3,380.35","3,380.35","3,768,560,000"
2020-08-13,"3,372.95","3,387.24","3,363.35","3,373.43","3,373.43","3,648,810,000"
2020-08-14,"3,368.66","3,378.51","3,361.64","3,372.85","3,372.85","3,193,400,000"
2020-08-17,"3,380.86","3,387.59","3,379.22","3,381.99","3,381.99","3,671,290,000"
2020-08-18,"3,387.04","3,395.06","3,370.15","3,389.78","3,389.78","3,881,310,000"
2020-08-19,"3,392.51","3,399.54","3,369.66","3,374.85","3,374.85","3,884,480,000"
2020-08-20,"3,360.48","3,390.80","3,354.69","3,385.51","3,385.51","3,642,850,000"
2020-08-21,"3,386.01","3,399.96","3,379.31","3,397.16","3,397.16","3,705,420,000"
2020-08-24,"3,418.09","3,432.09","3,413.13","3,431.28","3,431.28","3,728,690,000"
2020-08-25,"3,435.95","3,444.21","3,425.84","3,443.62","3,443.62","3,619,300,000"
2020-08-26,"3,449.97","3,481.07","3,444.15","3,478.73","3,478.73","3,754,360,000"
2020-08-27,"3,485.14","3,501.38","3,468.35","3,484.55","3,484.55","3,929,560,000"
2020-08-28,"3,494.69","3,509.23","3,484.32","3,508.01","3,508.01","3,855,880,000"
2020-08-31,"3,509.73","3,514.77","3,493.25","3,500.31","3,500.31","4,342,290,000"
2020-09-01,"3,507.44","3,528.03","3,494.60","3,526.65","3,526.65","4,083,110,000"
2020-09-02,"3,543.76","3,588.11","3,535.23","3,580.84","3,580.84","4,285,190,000"
2020-09-03,"3,564.74","3,564.85","3,427.41","3,455.06","3,455.06","4,898,680,000"
2020-09-04,"3,453.60","3,479.15","3,349.63","3,426.96","3,426.96","4,431,440,000"
2020-09-08,"3,371.88","3,379.97","3,329.27","3,331.84","3,331.84","4,665,600,000"
2020-09-09,"3,369.82","3,424.77","3,366.84","3,398.96","3,398.96","3,920,830,000"
2020-09-10,"3,412.56","3,425.55","3,329.25","3,339.19","3,339.19","4,192,250,000"
2020-09-11,"3,352.70","3,368.95","3,310.47","3,340.97","3,340.97","3,704,450,000"
2020-09-14,"3,363.56","3,402.93","3,363.56","3,383.54","3,383.54","3,832,130,000"
2020-09-15,"3,407.73","3,419.48","3,389.25","3,401.20","3,401.20","4,051,460,000"
2020-09-16,"3,411.23","3,428.92","3,384.45","3,385.49","3,385.49","4,710,030,000"
2020-09-17,"3,346.86","3,375.17","3,328.82","3,357.01","3,357.01","4,371,940,000"
2020-09-18,"3,357.38","3,362.27","3,292.40","3,319.47","3,319.47","7,068,700,000"
2020-09-21,"3,285.57","3,285.57","3,229.10","3,281.06","3,281.06","4,828,350,000"
2020-09-22,"3,295.75","3,320.31","3,270.95","3,315.57","3,315.57","3,963,300,000"
2020-09-23,"3,320.11","3,323.35","3,232.57","3,236.92","3,236.92","4,364,500,000"
2020-09-24,"3,226.14","3,278.70","3,209.45","3,246.59","3,246.59","4,599,470,000"
2020-09-25,"3,236.66","3,306.88","3,228.44","3,298.46","3,298.46","3,792,220,000"
2020-09-28,"3,333.90","3,360.74","3,332.91","3,351.60","3,351.60","3,946,060,000"
2020-09-29,"3,350.92","3,357.92","3,327.54","3,335.47","3,335.47","3,651,880,000"
2020-09-30,"3,341.21","3,393.56","3,340.47","3,363.00","3,363.00","4,722,530,000"
2020-10-01,"3,385.87","3,397.18","3,361.39","3,380.80","3,380.80","4,070,530,000"
2020-10-02,"3,338.94","3,369.10","3,323.69","3,348.42","3,348.42","3,961,550,000"
2020-10-05,"3,367.27","3,409.57","3,367.27","3,408.60","3,408.60","3,686,920,000"
2020-10-06,"3,408.74","3,431.56","3,354.54","3,360.97","3,360.97","4,443,380,000"
2020-10-07,"3,384.56","3,426.26","3,384.56","3,419.44","3,419.44","3,807,830,000"
2020-10-08,"3,434.28","3,447.28","3,428.15","3,446.83","3,446.83","3,856,190,000"
2020-10-09,"3,459.67","3,482.34","3,458.07","3,477.14","3,477.14","3,939,060,000"
2020-10-12,"3,500.02","3,549.85","3,499.61","3,534.22","3,534.22","3,428,970,000"
2020-10-13,"3,534.01","3,534.01","3,500.86","3,511.93","3,511.93","3,605,150,000"
2020-10-14,"3,515.47","3,527.94","3,480.55","3,488.67","3,488.67","3,840,630,000"
2020-10-15,"3,453.72","3,489.08","3,440.89","3,483.34","3,483.34","3,717,640,000"
2020-10-16,"3,493.50","3,515.76","3,480.45","3,483.81","3,483.81","4,675,890,000"
2020-10-19,"3,493.66","3,502.42","3,419.93","3,426.92","3,426.92","4,086,200,000"
2020-10-20,"3,439.38","3,476.93","3,435.65","3,443.12","3,443.12","3,901,260,000"
2020-10-21,"3,439.91","3,464.86","3,433.06","3,435.56","3,435.56","4,097,750,000"
2020-10-22,"3,438.50","3,460.53","3,415.34","3,453.49","3,453.49","4,163,630,000"
2020-10-23,"3,464.90","3,466.46","3,440.45","3,465.39","3,465.39","3,646,570,000"
2020-10-26,"3,441.42","3,441.42","3,364.86","3,400.97","3,400.97","3,988,080,000"
2020-10-27,"3,403.15","3,409.51","3,388.71","3,390.68","3,390.68","3,946,990,000"
2020-10-28,"3,342.48","3,342.48","3,268.89","3,271.03","3,271.03","5,129,860,000"
2020-10-29,"3,277.17","3,341.05","3,259.82","3,310.11","3,310.11","4,903,070,000"
2020-10-30,"3,293.59","3,304.93","3,233.94","3,269.96","3,269.96","4,840,450,000"
2020-11-02,"3,296.20","3,330.14","3,279.74","3,310.24","3,310.24","4,310,590,000"
2020-11-03,"3,336.25","3,389.49","3,336.25","3,369.16","3,369.16","4,220,070,000"
2020-11-04,"3,406.46","3,486.25","3,405.17","3,443.44","3,443.44","4,783,040,000"
2020-11-05,"3,485.74","3,529.05","3,485.74","3,510.45","3,510.45","4,841,190,000"
2020-11-06,"3,508.34","3,521.58","3,484.34","3,509.44","3,509.44","4,833,950,000"
2020-11-09,"3,583.04","3,645.99","3,547.48","3,550.50","3,550.50","8,556,610,000"
2020-11-10,"3,543.26","3,557.22","3,511.91","3,545.53","3,545.53","6,024,230,000"
2020-11-11,"3,563.22","3,581.16","3,557.00","3,572.66","3,572.66","4,609,970,000"
2020-11-12,"3,562.67","3,569.02","3,518.58","3,537.01","3,537.01","4,890,120,000"
2020-11-13,"3,552.57","3,593.66","3,552.57","3,585.15","3,585.15","4,709,670,000"
2020-11-16,"3,600.16","3,628.51","3,600.16","3,626.91","3,626.91","5,281,980,000"
2020-11-17,"3,610.31","3,623.11","3,588.68","3,609.53","3,609.53","4,799,570,000"
2020-11-18,"3,612.09","3,619.09","3,567.33","3,567.79","3,567.79","5,274,450,000"
2020-11-19,"3,559.41","3,585.22","3,543.84","3,581.87","3,581.87","4,347,200,000"
2020-11-20,"3,579.31","3,581.23","3,556.85","3,557.54","3,557.54","4,218,970,000"
2020-11-23,"3,566.82","3,589.81","3,552.77","3,577.59","3,577.59","5,036,290,000"
2020-11-24,"3,594.52","3,642.31","3,594.52","3,635.41","3,635.41","6,267,570,000"
2020-11-25,"3,635.50","3,635.50","3,617.76","3,629.65","3,629.65","4,902,560,000"
2020-11-27,"3,638.55","3,644.31","3,629.33","3,638.35","3,638.35","2,778,450,000"
2020-11-30,"3,634.18","3,634.18","3,594.39","3,621.63","3,621.63","6,291,400,000"
2020-12-01,"3,645.87","3,678.45","3,645.87","3,662.45","3,662.45","5,403,660,000"
2020-12-02,"3,653.78","3,670.96","3,644.84","3,669.01","3,669.01","5,029,620,000"
2020-12-03,"3,668.28","3,682.73","3,657.17","3,666.72","3,666.72","5,091,760,000"
2020-12-04,"3,670.94","3,699.20","3,670.94","3,699.12","3,699.12","5,086,370,000"
2020-12-07,"3,694.73","3,697.41","3,678.88","3,691.96","3,691.96","4,788,560,000"
2020-12-08,"3,683.05","3,708.45","3,678.83","3,702.25","3,702.25","4,549,670,000"
2020-12-09,"3,705.98","3,712.39","3,660.54","3,672.82","3,672.82","5,209,940,000"
2020-12-10,"3,659.13","3,678.49","3,645.18","3,668.10","3,668.10","4,618,240,000"
2020-12-11,"3,656.08","3,665.91","3,633.40","3,663.46","3,663.46","4,367,150,000"
2020-12-14,"3,675.27","3,697.61","3,645.84","3,647.49","3,647.49","4,594,920,000"
2020-12-15,"3,666.41","3,695.29","3,659.62","3,694.62","3,694.62","4,360,280,000"
2020-12-16,"3,696.25","3,711.27","3,688.57","3,701.17","3,701.17","4,056,950,000"
2020-12-17,"3,713.65","3,725.12","3,710.87","3,722.48","3,722.48","4,184,930,000"
2020-12-18,"3,722.39","3,726.70","3,685.84","3,709.41","3,709.41","7,068,340,000"
2020-12-21,"3,684.28","3,702.90","3,636.48","3,694.92","3,694.92","4,732,160,000"
2020-12-22,"3,698.08","3,698.26","3,676.16","3,687.26","3,687.26","4,023,940,000"
2020-12-23,"3,693.42","3,711.24","3,689.28","3,690.01","3,690.01","3,772,630,000"
2020-12-24,"3,694.03","3,703.82","3,689.32","3,703.06","3,703.06","1,885,090,000"
2020-12-28,"3,723.03","3,740.51","3,723.03","3,735.36","3,735.36","3,527,460,000"
2020-12-29,"3,750.01","3,756.12","3,723.31","3,727.04","3,727.04","3,387,030,000"
2020-12-30,"3,736.19","3,744.63","3,730.21","3,732.04","3,732.04","3,145,200,000"
2020-12-31,"3,733.27","3,760.20","3,726.88","3,756.07","3,756.07","3,172,510,000"
2021-01-04,"3,764.61","3,769.99","3,662.71","3,700.65","3,700.65","5,006,680,000"
2021-01-05,"3,698.02","3,737.83","3,695.07","3,726.86","3,726.86","4,582,620,000"
2021-01-06,"3,712.20","3,783.04","3,705.34","3,748.14","3,748.14","6,049,970,000"
2021-01-07,"3,764.71","3,811.55","3,764.71","3,803.79","3,803.79","5,080,870,000"
2021-01-08,"3,815.05","3,826.69","3,783.60","3,824.68","3,824.68","4,764,180,000"
2021-01-11,"3,803.14","3,817.86","3,789.02","3,799.61","3,799.61","4,450,500,000"
2021-01-12,"3,801.62","3,810.78","3,776.51","3,801.19","3,801.19","4,977,210,000"
2021-01-13,"3,802.23","3,820.96","3,791.50","3,809.84","3,809.84","4,590,420,000"
2021-01-14,"3,814.98","3,823.60","3,792.86","3,795.54","3,795.54","5,180,140,000"
2021-01-15,"3,788.73","3,788.73","3,749.62","3,768.25","3,768.25","5,353,060,000"
2021-01-19,"3,781.88","3,804.53","3,780.37","3,798.91","3,798.91","4,982,940,000"
2021-01-20,"3,816.22","3,859.75","3,816.22","3,851.85","3,851.85","4,551,790,000"
2021-01-21,"3,857.46","3,861.45","3,845.05","3,853.07","3,853.07","4,484,460,000"
2021-01-22,"3,844.24","3,852.31","3,830.41","3,841.47","3,841.47","5,080,430,000"
2021-01-25,"3,851.68","3,859.23","3,797.16","3,855.36","3,855.36","6,955,860,000"
2021-01-26,"3,862.96","3,870.90","3,847.78","3,849.62","3,849.62","6,029,090,000"
2021-01-27,"3,836.83","3,836.83","3,732.48","3,750.77","3,750.77","9,878,040,000"
2021-01-28,"3,755.75","3,830.50","3,755.75","3,787.38","3,787.38","6,937,960,000"
2021-01-29,"3,778.05","3,778.05","3,694.12","3,714.24","3,714.24","6,612,570,000"
2021-02-01,"3,731.17","3,784.32","3,725.62","3,773.86","3,773.86","5,392,870,000"
2021-02-02,"3,791.84","3,843.09","3,791.84","3,826.31","3,826.31","5,495,370,000"
2021-02-03,"3,840.27","3,847.51","3,816.68","3,830.17","3,830.17","4,846,900,000"
2021-02-04,"3,836.66","3,872.42","3,836.66","3,871.74","3,871.74","4,856,670,000"
2021-02-05,"3,878.30","3,894.56","3,874.93","3,886.83","3,886.83","4,838,580,000"
2021-02-08,"3,892.59","3,915.77","3,892.59","3,915.59","3,915.59","4,635,030,000"
2021-02-09,"3,910.49","3,918.35","3,902.64","3,911.23","3,911.23","4,554,610,000"
2021-02-10,"3,920.78","3,931.50","3,884.94","3,909.88","3,909.88","4,815,380,000"
2021-02-11,"3,916.40","3,925.99","3,890.39","3,916.38","3,916.38","4,570,080,000"
2021-02-12,"3,911.65","3,937.23","3,905.78","3,934.83","3,934.83","4,119,260,000"
2021-02-16,"3,939.61","3,950.43","3,923.85","3,932.59","3,932.59","5,037,360,000"
2021-02-17,"3,918.50","3,933.61","3,900.43","3,931.33","3,931.33","4,718,280,000"
2021-02-18,"3,915.86","3,921.98","3,885.03","3,913.97","3,913.97","4,773,430,000"
2021-02-19,"3,921.16","3,930.41","3,903.07","3,906.71","3,906.71","4,823,940,000"
2021-02-22,"3,885.55","3,902.92","3,874.71","3,876.50","3,876.50","5,870,190,000"
2021-02-23,"3,857.07","3,895.98","3,805.59","3,881.37","3,881.37","6,280,650,000"
2021-02-24,"3,873.71","3,928.65","3,859.60","3,925.43","3,925.43","5,942,350,000"
2021-02-25,"3,915.80","3,925.02","3,814.04","3,829.34","3,829.34","6,513,060,000"
2021-02-26,"3,839.66","3,861.08","3,789.54","3,811.15","3,811.15","6,512,950,000"
2021-03-01,"3,842.51","3,914.50","3,842.51","3,901.82","3,901.82","5,071,540,000"
2021-03-02,"3,903.64","3,906.41","3,868.57","3,870.29","3,870.29","5,493,690,000"
2021-03-03,"3,863.99","3,874.47","3,818.86","3,819.72","3,819.72","6,150,790,000"
2021-03-04,"3,818.53","3,843.67","3,723.34","3,768.47","3,768.47","7,142,240,000"
2021-03-05,"3,793.58","3,851.69","3,730.19","3,841.94","3,841.94","6,842,570,000"
2021-03-08,"3,844.39","3,881.06","3,819.25","3,821.35","3,821.35","5,852,240,000"
2021-03-09,"3,851.93","3,903.76","3,851.93","3,875.44","3,875.44","5,496,340,000"
2021-03-10,"3,891.99","3,917.35","3,885.73","3,898.81","3,898.81","5,827,250,000"
2021-03-11,"3,915.54","3,960.27","3,915.54","3,939.34","3,939.34","5,300,010,000"
2021-03-12,"3,924.52","3,944.99","3,915.21","3,943.34","3,943.34","4,469,240,000"
2021-03-15,"3,942.96","3,970.08","3,923.54","3,968.94","3,968.94","4,882,190,000"
2021-03-16,"3,973.59","3,981.04","3,953.44","3,962.71","3,962.71","4,604,870,000"
2021-03-17,"3,949.57","3,983.87","3,935.74","3,974.12","3,974.12","4,541,620,000"
2021-03-18,"3,953.50","3,969.62","3,910.86","3,915.46","3,915.46","4,043,170,000"
2021-03-19,"3,913.14","3,930.12","3,886.75","3,913.10","3,913.10","7,725,050,000"
2021-03-22,"3,916.48","3,955.31","3,914.16","3,940.59","3,940.59","4,311,380,000"
2021-03-23,"3,937.60","3,949.13","3,901.57","3,910.52","3,910.52","4,645,340,000"
2021-03-24,"3,919.93","3,942.08","3,889.07","3,889.14","3,889.14","4,766,990,000"
2021-03-25,"3,879.34","3,919.54","3,853.50","3,909.52","3,909.52","4,940,800,000"
2021-03-26,"3,917.12","3,978.19","3,917.12","3,974.54","3,974.54","5,467,850,000"
2021-03-29,"3,969.31","3,981.83","3,943.25","3,971.09","3,971.09","4,619,840,000"
2021-03-30,"3,963.34","3,968.01","3,944.35","3,958.55","3,958.55","4,103,570,000"
2021-03-31,"3,967.25","3,994.41","3,966.98","3,972.89","3,972.89","4,564,980,000"
2021-04-01,"3,992.78","4,020.63","3,992.78","4,019.87","4,019.87","4,151,240,000"
